[
	{
		"marketKey": "sBTCPERP",
		"asset": "sBTC",
		"takerFee": "0.003",
		"makerFee": "0.002",
		"overrideCommitFee": "0",
		"takerFeeDelayedOrder": "0.001",
		"makerFeeDelayedOrder": "0.0",
		"takerFeeOffchainDelayedOrder": "0.0001",
		"makerFeeOffchainDelayedOrder": "0.0",
		"nextPriceConfirmWindow": "2",
		"delayedOrderConfirmWindow": "60",
		"minDelayTimeDelta": "30",
		"maxDelayTimeDelta": "120",
		"offchainDelayedOrderMinAge": "15",
		"offchainDelayedOrderMaxAge": "60",
		"maxLeverage": "10",
		"maxMarketValue": "1500",
		"maxFundingVelocity": "0.1",
		"skewScale": "50000",
		"offchainPriceDivergence": "0.05",
		"liquidationPremiumMultiplier": "1",
		"offchainMarketKey": "ocBTCPERP",
		"paused": false,
		"offchainPaused": false
	},
	{
		"marketKey": "sETHPERP",
		"asset": "sETH",
		"takerFee": "0.003",
		"makerFee": "0.002",
		"overrideCommitFee": "0",
		"takerFeeDelayedOrder": "0.001",
		"makerFeeDelayedOrder": "0.0",
		"takerFeeOffchainDelayedOrder": "0.0001",
		"makerFeeOffchainDelayedOrder": "0.0",
		"nextPriceConfirmWindow": "2",
		"delayedOrderConfirmWindow": "60",
		"minDelayTimeDelta": "30",
		"maxDelayTimeDelta": "120",
		"offchainDelayedOrderMinAge": "15",
		"offchainDelayedOrderMaxAge": "60",
		"maxLeverage": "10",
		"maxMarketValue": "20000",
		"maxFundingVelocity": "0.1",
		"skewScale": "1000000",
		"offchainPriceDivergence": "0.05",
		"liquidationPremiumMultiplier": "1",
		"offchainMarketKey": "ocETHPERP",
		"paused": false,
		"offchainPaused": false
	}
]
