[
	{
		"name": "EXCHANGE_DYNAMIC_FEE_ROUNDS",
		"value": "0"
	},
	{
		"name": "DEX_PRICE_AGGREGATOR",
		"value": "0x228bCc970003Ca7588337604AFD9Fc5d92bF1C8B"
	},
	{
		"name": "ATOMIC_EQUIVALENTS_ON_DEX",
		"value": {
			"sUSD": {
				"currencyKey": "sUSD",
				"equivalent": "0xA0b86991c6218b36c1d19D4a2e9Eb0cE3606eB48",
				"token": "USDC"
			},
			"sETH": {
				"currencyKey": "sETH",
				"equivalent": "0xC02aaA39b223FE8D0A0e5C4F27eAD9083C756Cc2",
				"token": "WETH"
			},
			"sBTC": {
				"currencyKey": "sBTC",
				"equivalent": "0x2260FAC5E5542a773Aa44fBCfeDf7C193bc2C599",
				"token": "WBTC"
			}
		}
	},
	{
		"name": "ATOMIC_EXCHANGE_FEE_RATES",
		"value": {
			"sETH": "3000000000000000",
			"sBTC": "3000000000000000",
			"sUSD": "3000000000000000"
		}
	},
	{
		"name": "ATOMIC_VOLATILITY_CONSIDERATION_WINDOW",
		"value": {
			"sETH": "600",
			"sBTC": "600"
		}
	},
	{
		"name": "ATOMIC_VOLATILITY_UPDATE_THRESHOLD",
		"value": {
			"sETH": "3",
			"sBTC": "3"
		}
	},
	{
		"name": "LIQUIDATION_DELAY",
		"value": "43200"
	},
	{
		"name": "LIQUIDATION_RATIO",
		"value": "666666666666666666"
	},
	{
		"name": "COLLATERAL_ETH",
		"value": {
			"SYNTHS": ["sUSD", "sETH"],
			"ISSUE_FEE_RATE": "0",
			"MIN_CRATIO": "1300000000000000000",
			"MIN_COLLATERAL": "2000000000000000000"
		}
	},
	{
		"name": "ETHER_WRAPPER_MAX_ETH",
		"value": "0"
	}
]
