[
	{
		"name": "sETHUniswapV1",
		"stakingToken": "0xe9cf7887b93150d4f2da7dfc6d502b216438f244",
		"rewardsToken": "ProxyERC20"
	},
	{
		"name": "sXAUUniswapV2",
		"stakingToken": "0x34a0216C5057bC18e5d34D4405284564eFd759b2",
		"rewardsToken": "ProxyERC20"
	},
	{
		"name": "sUSDCurve",
		"stakingToken": "0xc25a3a3b969415c80451098fa907ec722572917f",
		"rewardsToken": "ProxyERC20"
	},
	{
		"name": "sBTCCurve",
		"stakingToken": "0x075b1bb99792c9E1041bA13afEf80C91a1e70fB3",
		"rewardsToken": "0x330416C863f2acCE7aF9C9314B422d24c672534a"
	},
	{
		"name": "iETH",
		"stakingToken": "ProxyiETH",
		"rewardsToken": "ProxyERC20"
	},
	{
		"name": "iBTC",
		"stakingToken": "ProxyiBTC",
		"rewardsToken": "ProxyERC20"
	},
	{
		"name": "sEURCurve",
		"stakingToken": "0x194eBd173F6cDacE046C53eACcE9B953F28411d1",
		"rewardsToken": "ProxyERC20"
	},
	{
		"name": "SNXBalancer",
		"stakingToken": "0x815f8ef4863451f4faf34fbc860034812e7377d9",
		"rewardsToken": "ProxyERC20"
	},
	{
		"name": "sTSLABalancer",
		"stakingToken": "0x055dB9AFF4311788264798356bbF3a733AE181c6",
		"rewardsToken": "ProxyERC20"
	},
	{
		"name": "sFBBalancer",
		"stakingToken": "0x3f2d077acff8a66c4e0c79c37b6a662a7197889b",
		"rewardsToken": "ProxyERC20"
	},
	{
		"name": "sAAPLBalancer",
		"stakingToken": "0xb94865e18b25114b2b10bd9ecbd689c877f949e8",
		"rewardsToken": "ProxyERC20"
	},
	{
		"name": "sAMZNBalancer",
		"stakingToken": "0x74821343b5b969c0d4b31aff3931e00a40990cfd",
		"rewardsToken": "ProxyERC20"
	},
	{
		"name": "sNFLXBalancer",
		"stakingToken": "0x6418c69b0de51873a1cc01cf73ba6e408acc1940",
		"rewardsToken": "ProxyERC20"
	},
	{
		"name": "sGOOGBalancer",
		"stakingToken": "0x608410f602ce8967d1e59f599566aed340280efc",
		"rewardsToken": "ProxyERC20"
	},
	{
		"name": "sCOINBalancer",
		"stakingToken": "0x2e27d4160b257708375a7bf23381110d2328bc1b",
		"rewardsToken": "ProxyERC20"
	},
	{
		"name": "sMSFTBalancer",
		"stakingToken": "0x41c91eb43b7f0afd332725461b86a0e39e143789",
		"rewardsToken": "ProxyERC20"
	}
]
