[
	{
		"name": "sUSD",
		"asset": "USD",
		"subclass": "MultiCollateralSynth"
	},
	{
		"name": "sEUR",
		"asset": "EUR",
		"subclass": "MultiCollateralSynth"
	},
	{
		"name": "sJPY",
		"asset": "JPY",
		"subclass": "MultiCollateralSynth"
	},
	{
		"name": "sAUD",
		"asset": "AUD",
		"subclass": "MultiCollateralSynth"
	},
	{
		"name": "sGBP",
		"asset": "GBP",
		"subclass": "MultiCollateralSynth"
	},
	{
		"name": "sCHF",
		"asset": "CHF",
		"subclass": "MultiCollateralSynth"
	},
	{
		"name": "sKRW",
		"asset": "KRW",
		"subclass": "MultiCollateralSynth"
	},
	{
		"name": "sBTC",
		"asset": "BTC",
		"subclass": "MultiCollateralSynth"
	},
	{
		"name": "sETH",
		"asset": "ETH",
		"subclass": "MultiCollateralSynth"
	},
	{
		"name": "sETHBTC",
		"asset": "ETHBTC",
		"subclass": "MultiCollateralSynth"
	}
]
