[
	{
		"marketKey": "sBTC",
		"asset": "sBTC",
		"takerFee": "0.003",
		"makerFee": "0.0025",
		"takerFeeNextPrice": "0.002",
		"makerFeeNextPrice": "0.002",
		"nextPriceConfirmWindow": "2",
		"maxLeverage": "25",
		"maxMarketValueUSD": "5000000",
		"maxFundingRate": "0.1",
		"skewScaleUSD": "300000000",
		"paused": false
	},
	{
		"marketKey": "sETH",
		"asset": "sETH",
		"takerFee": "0.0035",
		"makerFee": "0.0030",
		"takerFeeNextPrice": "0.002",
		"makerFeeNextPrice": "0.002",
		"nextPriceConfirmWindow": "2",
		"maxLeverage": "25",
		"maxMarketValueUSD": "25000000",
		"maxFundingRate": "0.1",
		"skewScaleUSD": "300000000",
		"paused": false
	},
	{
		"marketKey": "sLINK",
		"asset": "sLINK",
		"takerFee": "0.0035",
		"makerFee": "0.003",
		"takerFeeNextPrice": "0.0025",
		"makerFeeNextPrice": "0.0025",
		"nextPriceConfirmWindow": "2",
		"maxLeverage": "25",
		"maxMarketValueUSD": "3000000",
		"maxFundingRate": "0.1",
		"skewScaleUSD": "300000000",
		"paused": false
	},
	{
		"marketKey": "sSOL",
		"asset": "SOL",
		"takerFee": "0.0040",
		"makerFee": "0.0035",
		"takerFeeNextPrice": "0.003",
		"makerFeeNextPrice": "0.003",
		"nextPriceConfirmWindow": "2",
		"maxLeverage": "25",
		"maxMarketValueUSD": "3000000",
		"maxFundingRate": "0.1",
		"skewScaleUSD": "50000000",
		"paused": false
	},
	{
		"marketKey": "sAVAX",
		"asset": "AVAX",
		"takerFee": "0.0040",
		"makerFee": "0.0035",
		"takerFeeNextPrice": "0.0025",
		"makerFeeNextPrice": "0.0025",
		"nextPriceConfirmWindow": "2",
		"maxLeverage": "10",
		"maxMarketValueUSD": "3000000",
		"maxFundingRate": "0.1",
		"skewScaleUSD": "50000000",
		"paused": false
	},
	{
		"marketKey": "sAAVE",
		"asset": "AAVE",
		"takerFee": "0.0075",
		"makerFee": "0.0065",
		"takerFeeNextPrice": "0.0060",
		"makerFeeNextPrice": "0.0055",
		"nextPriceConfirmWindow": "2",
		"maxLeverage": "10",
		"maxMarketValueUSD": "300000",
		"maxFundingRate": "0.1",
		"skewScaleUSD": "50000000",
		"paused": false
	},
	{
		"marketKey": "sUNI",
		"asset": "UNI",
		"takerFee": "0.0075",
		"makerFee": "0.0065",
		"takerFeeNextPrice": "0.0060",
		"makerFeeNextPrice": "0.0055",
		"nextPriceConfirmWindow": "2",
		"maxLeverage": "10",
		"maxMarketValueUSD": "100000",
		"maxFundingRate": "0.1",
		"skewScaleUSD": "50000000",
		"paused": false
	},
	{
		"marketKey": "sMATIC",
		"asset": "MATIC",
		"takerFee": "0.0040",
		"makerFee": "0.0035",
		"takerFeeNextPrice": "0.003",
		"makerFeeNextPrice": "0.003",
		"nextPriceConfirmWindow": "2",
		"maxLeverage": "10",
		"maxMarketValueUSD": "3000000",
		"maxFundingRate": "0.1",
		"skewScaleUSD": "50000000",
		"paused": false
	},
	{
		"marketKey": "sXAU",
		"asset": "XAU",
		"takerFee": "0.0015",
		"makerFee": "0.0015",
		"takerFeeNextPrice": "0.001",
		"makerFeeNextPrice": "0.001",
		"nextPriceConfirmWindow": "2",
		"maxLeverage": "10",
		"maxMarketValueUSD": "2500000",
		"maxFundingRate": "0.1",
		"skewScaleUSD": "100000000",
		"paused": false
	},
	{
		"marketKey": "sXAG",
		"asset": "XAG",
		"takerFee": "0.0025",
		"makerFee": "0.0020",
		"takerFeeNextPrice": "0.001",
		"makerFeeNextPrice": "0.001",
		"nextPriceConfirmWindow": "2",
		"maxLeverage": "10",
		"maxMarketValueUSD": "1000000",
		"maxFundingRate": "0.1",
		"skewScaleUSD": "100000000",
		"paused": false
	},
	{
		"marketKey": "sEUR",
		"asset": "EUR",
		"takerFee": "0.0015",
		"makerFee": "0.0015",
		"takerFeeNextPrice": "0.001",
		"makerFeeNextPrice": "0.001",
		"nextPriceConfirmWindow": "2",
		"maxLeverage": "10",
		"maxMarketValueUSD": "1000000",
		"maxFundingRate": "0.1",
		"skewScaleUSD": "100000000",
		"paused": false
	},
	{
		"marketKey": "sAPE",
		"asset": "APE",
		"takerFee": "0.0095",
		"makerFee": "0.0085",
		"takerFeeNextPrice": "0.0075",
		"makerFeeNextPrice": "0.0075",
		"nextPriceConfirmWindow": "2",
		"maxLeverage": "10",
		"maxMarketValueUSD": "2000000",
		"maxFundingRate": "0.1",
		"skewScaleUSD": "10000000",
		"paused": false
	},
	{
		"marketKey": "sDYDX",
		"asset": "DYDX",
		"takerFee": "0.0075",
		"makerFee": "0.0065",
		"takerFeeNextPrice": "0.0060",
		"makerFeeNextPrice": "0.0055",
		"nextPriceConfirmWindow": "2",
		"maxLeverage": "10",
		"maxMarketValueUSD": "100000",
		"maxFundingRate": "0.1",
		"skewScaleUSD": "10000000",
		"paused": false
	},
	{
		"marketKey": "sBNB",
		"asset": "BNB",
		"takerFee": "0.0035",
		"makerFee": "0.0030",
		"takerFeeNextPrice": "0.0025",
		"makerFeeNextPrice": "0.0020",
		"nextPriceConfirmWindow": "2",
		"maxLeverage": "25",
		"maxMarketValueUSD": "1000000",
		"maxFundingRate": "0.1",
		"skewScaleUSD": "50000000",
		"paused": false
	},
	{
		"marketKey": "sXMR",
		"asset": "XMR",
		"takerFee": "0.0040",
		"makerFee": "0.0035",
		"takerFeeNextPrice": "0.003",
		"makerFeeNextPrice": "0.003",
		"nextPriceConfirmWindow": "2",
		"maxLeverage": "10",
		"maxMarketValueUSD": "1000000",
		"maxFundingRate": "0.1",
		"skewScaleUSD": "50000000",
		"paused": false
	},
	{
		"marketKey": "sDOGE",
		"asset": "DOGE",
		"takerFee": "0.0040",
		"makerFee": "0.0035",
		"takerFeeNextPrice": "0.0030",
		"makerFeeNextPrice": "0.0025",
		"nextPriceConfirmWindow": "2",
		"maxLeverage": "10",
		"maxMarketValueUSD": "1000000",
		"maxFundingRate": "0.1",
		"skewScaleUSD": "50000000",
		"paused": false
	}
]
