[
	{
		"marketKey": "sETHPERP",
		"asset": "sETH",
		"makerFee": "0.007",
		"takerFee": "0.01",
		"overrideCommitFee": "0",
		"takerFeeDelayedOrder": "0.001",
		"makerFeeDelayedOrder": "0.0005",
		"takerFeeOffchainDelayedOrder": "0.001",
		"makerFeeOffchainDelayedOrder": "0.0005",
		"nextPriceConfirmWindow": "2",
		"delayedOrderConfirmWindow": "120",
		"minDelayTimeDelta": "60",
		"maxDelayTimeDelta": "6000",
		"offchainDelayedOrderMinAge": "15",
		"offchainDelayedOrderMaxAge": "120",
		"maxLeverage": "100",
		"maxMarketValue": "20000",
		"maxFundingVelocity": "0.1",
		"skewScale": "1000000",
		"offchainPriceDivergence": "0.02",
		"liquidationPremiumMultiplier": "1",
		"offchainMarketKey": "ocETHPERP",
		"paused": false,
		"offchainPaused": false
	},
	{
		"marketKey": "sBTCPERP",
		"asset": "sBTC",
		"makerFee": "0.007",
		"takerFee": "0.01",
		"overrideCommitFee": "0",
		"takerFeeDelayedOrder": "0.001",
		"makerFeeDelayedOrder": "0.0005",
		"takerFeeOffchainDelayedOrder": "0.01",
		"makerFeeOffchainDelayedOrder": "0.01",
		"nextPriceConfirmWindow": "2",
		"delayedOrderConfirmWindow": "120",
		"minDelayTimeDelta": "60",
		"maxDelayTimeDelta": "6000",
		"offchainDelayedOrderMinAge": "1",
		"offchainDelayedOrderMaxAge": "1",
		"maxLeverage": "100",
		"maxMarketValue": "1500",
		"maxFundingVelocity": "0.1",
		"skewScale": "50000",
		"offchainPriceDivergence": "0.05",
		"liquidationPremiumMultiplier": "1",
		"offchainMarketKey": "ocBTCPERP",
		"paused": false,
		"offchainPaused": true
	},

	{
		"marketKey": "sLINKPERP",
		"asset": "LINK",
		"makerFee": "0.007",
		"takerFee": "0.01",
		"overrideCommitFee": "0",
		"takerFeeDelayedOrder": "0.001",
		"makerFeeDelayedOrder": "0.0005",
		"takerFeeOffchainDelayedOrder": "0.001",
		"makerFeeOffchainDelayedOrder": "0.0005",
		"nextPriceConfirmWindow": "2",
		"delayedOrderConfirmWindow": "120",
		"minDelayTimeDelta": "60",
		"maxDelayTimeDelta": "6000",
		"offchainDelayedOrderMinAge": "15",
		"offchainDelayedOrderMaxAge": "120",
		"maxLeverage": "100",
		"maxMarketValue": "1000",
		"maxFundingVelocity": "3",
		"skewScale": "1000000",
		"offchainPriceDivergence": "0.02",
		"liquidationPremiumMultiplier": "1",
		"offchainMarketKey": "ocLINKPERP",
		"paused": true,
		"offchainPaused": true
	},
	{
		"marketKey": "sSOLPERP",
		"asset": "SOL",
		"makerFee": "0.007",
		"takerFee": "0.01",
		"overrideCommitFee": "0",
		"takerFeeDelayedOrder": "0.001",
		"makerFeeDelayedOrder": "0.0005",
		"takerFeeOffchainDelayedOrder": "0.001",
		"makerFeeOffchainDelayedOrder": "0.0005",
		"nextPriceConfirmWindow": "2",
		"delayedOrderConfirmWindow": "120",
		"minDelayTimeDelta": "60",
		"maxDelayTimeDelta": "6000",
		"offchainDelayedOrderMinAge": "15",
		"offchainDelayedOrderMaxAge": "120",
		"maxLeverage": "100",
		"maxMarketValue": "1000",
		"maxFundingVelocity": "3",
		"skewScale": "1000000",
		"offchainPriceDivergence": "0.02",
		"liquidationPremiumMultiplier": "1",
		"offchainMarketKey": "ocSOLPERP",
		"paused": true,
		"offchainPaused": true
	},
	{
		"marketKey": "sAVAXPERP",
		"asset": "AVAX",
		"makerFee": "0.007",
		"takerFee": "0.01",
		"overrideCommitFee": "0",
		"takerFeeDelayedOrder": "0.001",
		"makerFeeDelayedOrder": "0.0005",
		"takerFeeOffchainDelayedOrder": "0.001",
		"makerFeeOffchainDelayedOrder": "0.0005",
		"nextPriceConfirmWindow": "2",
		"delayedOrderConfirmWindow": "120",
		"minDelayTimeDelta": "60",
		"maxDelayTimeDelta": "6000",
		"offchainDelayedOrderMinAge": "15",
		"offchainDelayedOrderMaxAge": "120",
		"maxLeverage": "100",
		"maxMarketValue": "1000",
		"maxFundingVelocity": "3",
		"skewScale": "1000000",
		"offchainPriceDivergence": "0.02",
		"liquidationPremiumMultiplier": "1",
		"offchainMarketKey": "ocAVAXPERP",
		"paused": true,
		"offchainPaused": true
	},
	{
		"marketKey": "sAAVEPERP",
		"asset": "AAVE",
		"makerFee": "0.007",
		"takerFee": "0.01",
		"overrideCommitFee": "0",
		"takerFeeDelayedOrder": "0.001",
		"makerFeeDelayedOrder": "0.0005",
		"takerFeeOffchainDelayedOrder": "0.001",
		"makerFeeOffchainDelayedOrder": "0.0005",
		"nextPriceConfirmWindow": "2",
		"delayedOrderConfirmWindow": "120",
		"minDelayTimeDelta": "60",
		"maxDelayTimeDelta": "6000",
		"offchainDelayedOrderMinAge": "15",
		"offchainDelayedOrderMaxAge": "120",
		"maxLeverage": "100",
		"maxMarketValue": "1000",
		"maxFundingVelocity": "3",
		"skewScale": "1000000",
		"offchainPriceDivergence": "0.02",
		"liquidationPremiumMultiplier": "1",
		"offchainMarketKey": "ocAAVEPERP",
		"paused": true,
		"offchainPaused": true
	},
	{
		"marketKey": "sUNIPERP",
		"asset": "UNI",
		"makerFee": "0.007",
		"takerFee": "0.01",
		"overrideCommitFee": "0",
		"takerFeeDelayedOrder": "0.001",
		"makerFeeDelayedOrder": "0.0005",
		"takerFeeOffchainDelayedOrder": "0.001",
		"makerFeeOffchainDelayedOrder": "0.0005",
		"nextPriceConfirmWindow": "2",
		"delayedOrderConfirmWindow": "120",
		"minDelayTimeDelta": "60",
		"maxDelayTimeDelta": "6000",
		"offchainDelayedOrderMinAge": "15",
		"offchainDelayedOrderMaxAge": "120",
		"maxLeverage": "100",
		"maxMarketValue": "1000",
		"maxFundingVelocity": "3",
		"skewScale": "1000000",
		"offchainPriceDivergence": "0.02",
		"liquidationPremiumMultiplier": "1",
		"offchainMarketKey": "ocUNIPERP",
		"paused": true,
		"offchainPaused": true
	},
	{
		"marketKey": "sMATICPERP",
		"asset": "MATIC",
		"makerFee": "0.007",
		"takerFee": "0.01",
		"overrideCommitFee": "0",
		"takerFeeDelayedOrder": "0.001",
		"makerFeeDelayedOrder": "0.0005",
		"takerFeeOffchainDelayedOrder": "0.001",
		"makerFeeOffchainDelayedOrder": "0.0005",
		"nextPriceConfirmWindow": "2",
		"delayedOrderConfirmWindow": "120",
		"minDelayTimeDelta": "60",
		"maxDelayTimeDelta": "6000",
		"offchainDelayedOrderMinAge": "15",
		"offchainDelayedOrderMaxAge": "120",
		"maxLeverage": "100",
		"maxMarketValue": "1000",
		"maxFundingVelocity": "3",
		"skewScale": "1000000",
		"offchainPriceDivergence": "0.02",
		"liquidationPremiumMultiplier": "1",
		"offchainMarketKey": "ocMATICPERP",
		"paused": true,
		"offchainPaused": true
	},
	{
		"marketKey": "sAPEPERP",
		"asset": "APE",
		"makerFee": "0.007",
		"takerFee": "0.01",
		"overrideCommitFee": "0",
		"takerFeeDelayedOrder": "0.001",
		"makerFeeDelayedOrder": "0.0005",
		"takerFeeOffchainDelayedOrder": "0.001",
		"makerFeeOffchainDelayedOrder": "0.0005",
		"nextPriceConfirmWindow": "2",
		"delayedOrderConfirmWindow": "120",
		"minDelayTimeDelta": "60",
		"maxDelayTimeDelta": "6000",
		"offchainDelayedOrderMinAge": "15",
		"offchainDelayedOrderMaxAge": "120",
		"maxLeverage": "100",
		"maxMarketValue": "1000",
		"maxFundingVelocity": "3",
		"skewScale": "1000000",
		"offchainPriceDivergence": "0.02",
		"liquidationPremiumMultiplier": "1",
		"offchainMarketKey": "ocAPEPERP",
		"paused": true,
		"offchainPaused": true
	},
	{
		"marketKey": "sDYDXPERP",
		"asset": "DYDX",
		"makerFee": "0.007",
		"takerFee": "0.01",
		"overrideCommitFee": "0",
		"takerFeeDelayedOrder": "0.001",
		"makerFeeDelayedOrder": "0.0005",
		"takerFeeOffchainDelayedOrder": "0.001",
		"makerFeeOffchainDelayedOrder": "0.0005",
		"nextPriceConfirmWindow": "2",
		"delayedOrderConfirmWindow": "120",
		"minDelayTimeDelta": "60",
		"maxDelayTimeDelta": "6000",
		"offchainDelayedOrderMinAge": "15",
		"offchainDelayedOrderMaxAge": "120",
		"maxLeverage": "100",
		"maxMarketValue": "1000",
		"maxFundingVelocity": "3",
		"skewScale": "1000000",
		"offchainPriceDivergence": "0.02",
		"liquidationPremiumMultiplier": "1",
		"offchainMarketKey": "ocDYDXPERP",
		"paused": true,
		"offchainPaused": true
	},
	{
		"marketKey": "sBNBPERP",
		"asset": "BNB",
		"makerFee": "0.007",
		"takerFee": "0.01",
		"overrideCommitFee": "0",
		"takerFeeDelayedOrder": "0.001",
		"makerFeeDelayedOrder": "0.0005",
		"takerFeeOffchainDelayedOrder": "0.001",
		"makerFeeOffchainDelayedOrder": "0.0005",
		"nextPriceConfirmWindow": "2",
		"delayedOrderConfirmWindow": "120",
		"minDelayTimeDelta": "60",
		"maxDelayTimeDelta": "6000",
		"offchainDelayedOrderMinAge": "15",
		"offchainDelayedOrderMaxAge": "120",
		"maxLeverage": "100",
		"maxMarketValue": "1000",
		"maxFundingVelocity": "3",
		"skewScale": "1000000",
		"offchainPriceDivergence": "0.02",
		"liquidationPremiumMultiplier": "1",
		"offchainMarketKey": "ocBNBPERP",
		"paused": true,
		"offchainPaused": true
	},
	{
		"marketKey": "sOPPERP",
		"asset": "OP",
		"makerFee": "0.007",
		"takerFee": "0.01",
		"overrideCommitFee": "0",
		"takerFeeDelayedOrder": "0.001",
		"makerFeeDelayedOrder": "0.0005",
		"takerFeeOffchainDelayedOrder": "0.001",
		"makerFeeOffchainDelayedOrder": "0.0005",
		"nextPriceConfirmWindow": "2",
		"delayedOrderConfirmWindow": "120",
		"minDelayTimeDelta": "60",
		"maxDelayTimeDelta": "6000",
		"offchainDelayedOrderMinAge": "15",
		"offchainDelayedOrderMaxAge": "120",
		"maxLeverage": "100",
		"maxMarketValue": "1000",
		"maxFundingVelocity": "3",
		"skewScale": "1000000",
		"offchainPriceDivergence": "0.02",
		"liquidationPremiumMultiplier": "1",
		"offchainMarketKey": "ocOPPERP",
		"paused": true,
		"offchainPaused": true
	},
	{
		"marketKey": "sDOGEPERP",
		"asset": "DOGE",
		"makerFee": "0.007",
		"takerFee": "0.01",
		"overrideCommitFee": "0",
		"takerFeeDelayedOrder": "0.001",
		"makerFeeDelayedOrder": "0.0005",
		"takerFeeOffchainDelayedOrder": "0.001",
		"makerFeeOffchainDelayedOrder": "0.0005",
		"nextPriceConfirmWindow": "2",
		"delayedOrderConfirmWindow": "120",
		"minDelayTimeDelta": "60",
		"maxDelayTimeDelta": "6000",
		"offchainDelayedOrderMinAge": "15",
		"offchainDelayedOrderMaxAge": "120",
		"maxLeverage": "100",
		"maxMarketValue": "1000",
		"maxFundingVelocity": "3",
		"skewScale": "1000000",
		"offchainPriceDivergence": "0.02",
		"liquidationPremiumMultiplier": "1",
		"offchainMarketKey": "ocDOGEPERP",
		"paused": true,
		"offchainPaused": true
	},
	{
		"marketKey": "sXAUPERP",
		"asset": "XAU",
		"makerFee": "0.007",
		"takerFee": "0.01",
		"overrideCommitFee": "0",
		"takerFeeDelayedOrder": "0.001",
		"makerFeeDelayedOrder": "0.0005",
		"takerFeeOffchainDelayedOrder": "0.001",
		"makerFeeOffchainDelayedOrder": "0.0005",
		"nextPriceConfirmWindow": "2",
		"delayedOrderConfirmWindow": "120",
		"minDelayTimeDelta": "60",
		"maxDelayTimeDelta": "6000",
		"offchainDelayedOrderMinAge": "15",
		"offchainDelayedOrderMaxAge": "120",
		"maxLeverage": "100",
		"maxMarketValue": "1000",
		"maxFundingVelocity": "3",
		"skewScale": "1000000",
		"offchainPriceDivergence": "0.02",
		"liquidationPremiumMultiplier": "1",
		"offchainMarketKey": "ocXAUPERP",
		"paused": true,
		"offchainPaused": true
	},
	{
		"marketKey": "sXAGPERP",
		"asset": "XAG",
		"makerFee": "0.007",
		"takerFee": "0.01",
		"overrideCommitFee": "0",
		"takerFeeDelayedOrder": "0.001",
		"makerFeeDelayedOrder": "0.0005",
		"takerFeeOffchainDelayedOrder": "0.001",
		"makerFeeOffchainDelayedOrder": "0.0005",
		"nextPriceConfirmWindow": "2",
		"delayedOrderConfirmWindow": "120",
		"minDelayTimeDelta": "60",
		"maxDelayTimeDelta": "6000",
		"offchainDelayedOrderMinAge": "15",
		"offchainDelayedOrderMaxAge": "120",
		"maxLeverage": "100",
		"maxMarketValue": "1000",
		"maxFundingVelocity": "3",
		"skewScale": "1000000",
		"offchainPriceDivergence": "0.02",
		"liquidationPremiumMultiplier": "1",
		"offchainMarketKey": "ocXAGPERP",
		"paused": true,
		"offchainPaused": true
	},
	{
		"marketKey": "sEURPERP",
		"asset": "EUR",
		"makerFee": "0.007",
		"takerFee": "0.01",
		"overrideCommitFee": "0",
		"takerFeeDelayedOrder": "0.001",
		"makerFeeDelayedOrder": "0.0005",
		"takerFeeOffchainDelayedOrder": "0.001",
		"makerFeeOffchainDelayedOrder": "0.0005",
		"nextPriceConfirmWindow": "2",
		"delayedOrderConfirmWindow": "120",
		"minDelayTimeDelta": "60",
		"maxDelayTimeDelta": "6000",
		"offchainDelayedOrderMinAge": "15",
		"offchainDelayedOrderMaxAge": "120",
		"maxLeverage": "100",
		"maxMarketValue": "1000",
		"maxFundingVelocity": "3",
		"skewScale": "1000000",
		"offchainPriceDivergence": "0.02",
		"liquidationPremiumMultiplier": "1",
		"offchainMarketKey": "ocEURPERP",
		"paused": true,
		"offchainPaused": true
	},
	{
		"marketKey": "sATOMPERP",
		"asset": "ATOM",
		"makerFee": "0.007",
		"takerFee": "0.01",
		"overrideCommitFee": "0",
		"takerFeeDelayedOrder": "0.001",
		"makerFeeDelayedOrder": "0.0005",
		"takerFeeOffchainDelayedOrder": "0.001",
		"makerFeeOffchainDelayedOrder": "0.0005",
		"nextPriceConfirmWindow": "2",
		"delayedOrderConfirmWindow": "120",
		"minDelayTimeDelta": "60",
		"maxDelayTimeDelta": "6000",
		"offchainDelayedOrderMinAge": "15",
		"offchainDelayedOrderMaxAge": "120",
		"maxLeverage": "100",
		"maxMarketValue": "1000",
		"maxFundingVelocity": "3",
		"skewScale": "1000000",
		"offchainPriceDivergence": "0.02",
		"liquidationPremiumMultiplier": "1",
		"offchainMarketKey": "ocATOMPERP",
		"paused": true,
		"offchainPaused": true
	},
	{
		"marketKey": "sAXSPERP",
		"asset": "AXS",
		"makerFee": "0.007",
		"takerFee": "0.01",
		"overrideCommitFee": "0",
		"takerFeeDelayedOrder": "0.001",
		"makerFeeDelayedOrder": "0.0005",
		"takerFeeOffchainDelayedOrder": "0.001",
		"makerFeeOffchainDelayedOrder": "0.0005",
		"nextPriceConfirmWindow": "2",
		"delayedOrderConfirmWindow": "120",
		"minDelayTimeDelta": "60",
		"maxDelayTimeDelta": "6000",
		"offchainDelayedOrderMinAge": "15",
		"offchainDelayedOrderMaxAge": "120",
		"maxLeverage": "100",
		"maxMarketValue": "1000",
		"maxFundingVelocity": "3",
		"skewScale": "1000000",
		"offchainPriceDivergence": "0.02",
		"liquidationPremiumMultiplier": "1",
		"offchainMarketKey": "ocAXSPERP",
		"paused": true,
		"offchainPaused": true
	},
	{
		"marketKey": "sFLOWPERP",
		"asset": "FLOW",
		"makerFee": "0.007",
		"takerFee": "0.01",
		"overrideCommitFee": "0",
		"takerFeeDelayedOrder": "0.001",
		"makerFeeDelayedOrder": "0.0005",
		"takerFeeOffchainDelayedOrder": "0.001",
		"makerFeeOffchainDelayedOrder": "0.0005",
		"nextPriceConfirmWindow": "2",
		"delayedOrderConfirmWindow": "120",
		"minDelayTimeDelta": "60",
		"maxDelayTimeDelta": "6000",
		"offchainDelayedOrderMinAge": "15",
		"offchainDelayedOrderMaxAge": "120",
		"maxLeverage": "100",
		"maxMarketValue": "1000",
		"maxFundingVelocity": "3",
		"skewScale": "1000000",
		"offchainPriceDivergence": "0.02",
		"liquidationPremiumMultiplier": "1",
		"offchainMarketKey": "ocFLOWPERP",
		"paused": true,
		"offchainPaused": true
	},
	{
		"marketKey": "sFTMPERP",
		"asset": "FTM",
		"makerFee": "0.007",
		"takerFee": "0.01",
		"overrideCommitFee": "0",
		"takerFeeDelayedOrder": "0.001",
		"makerFeeDelayedOrder": "0.0005",
		"takerFeeOffchainDelayedOrder": "0.001",
		"makerFeeOffchainDelayedOrder": "0.0005",
		"nextPriceConfirmWindow": "2",
		"delayedOrderConfirmWindow": "120",
		"minDelayTimeDelta": "60",
		"maxDelayTimeDelta": "6000",
		"offchainDelayedOrderMinAge": "15",
		"offchainDelayedOrderMaxAge": "120",
		"maxLeverage": "100",
		"maxMarketValue": "1000",
		"maxFundingVelocity": "3",
		"skewScale": "1000000",
		"offchainPriceDivergence": "0.02",
		"liquidationPremiumMultiplier": "1",
		"offchainMarketKey": "ocFTMPERP",
		"paused": true,
		"offchainPaused": true
	},
	{
		"marketKey": "sNEARPERP",
		"asset": "NEAR",
		"makerFee": "0.007",
		"takerFee": "0.01",
		"overrideCommitFee": "0",
		"takerFeeDelayedOrder": "0.001",
		"makerFeeDelayedOrder": "0.0005",
		"takerFeeOffchainDelayedOrder": "0.001",
		"makerFeeOffchainDelayedOrder": "0.0005",
		"nextPriceConfirmWindow": "2",
		"delayedOrderConfirmWindow": "120",
		"minDelayTimeDelta": "60",
		"maxDelayTimeDelta": "6000",
		"offchainDelayedOrderMinAge": "15",
		"offchainDelayedOrderMaxAge": "120",
		"maxLeverage": "100",
		"maxMarketValue": "1000",
		"maxFundingVelocity": "3",
		"skewScale": "1000000",
		"offchainPriceDivergence": "0.02",
		"liquidationPremiumMultiplier": "1",
		"offchainMarketKey": "ocNEARPERP",
		"paused": true,
		"offchainPaused": true
	},
	{
		"marketKey": "sAUDPERP",
		"asset": "AUD",
		"makerFee": "0.007",
		"takerFee": "0.01",
		"overrideCommitFee": "0",
		"takerFeeDelayedOrder": "0.001",
		"makerFeeDelayedOrder": "0.0005",
		"takerFeeOffchainDelayedOrder": "0.001",
		"makerFeeOffchainDelayedOrder": "0.0005",
		"nextPriceConfirmWindow": "2",
		"delayedOrderConfirmWindow": "120",
		"minDelayTimeDelta": "60",
		"maxDelayTimeDelta": "6000",
		"offchainDelayedOrderMinAge": "15",
		"offchainDelayedOrderMaxAge": "120",
		"maxLeverage": "100",
		"maxMarketValue": "1000",
		"maxFundingVelocity": "3",
		"skewScale": "1000000",
		"offchainPriceDivergence": "0.02",
		"liquidationPremiumMultiplier": "1",
		"offchainMarketKey": "ocAUDPERP",
		"paused": true,
		"offchainPaused": true
	},
	{
		"marketKey": "sGBPPERP",
		"asset": "GBP",
		"makerFee": "0.007",
		"takerFee": "0.01",
		"overrideCommitFee": "0",
		"takerFeeDelayedOrder": "0.001",
		"makerFeeDelayedOrder": "0.0005",
		"takerFeeOffchainDelayedOrder": "0.001",
		"makerFeeOffchainDelayedOrder": "0.0005",
		"nextPriceConfirmWindow": "2",
		"delayedOrderConfirmWindow": "120",
		"minDelayTimeDelta": "60",
		"maxDelayTimeDelta": "6000",
		"offchainDelayedOrderMinAge": "15",
		"offchainDelayedOrderMaxAge": "120",
		"maxLeverage": "100",
		"maxMarketValue": "1000",
		"maxFundingVelocity": "3",
		"skewScale": "1000000",
		"offchainPriceDivergence": "0.02",
		"liquidationPremiumMultiplier": "1",
		"offchainMarketKey": "ocGBPPERP",
		"paused": true,
		"offchainPaused": true
	}
 ]