{
	"v2.74.2-alpha": {
		"tag": "v2.74.2-alpha",
		"fulltag": "v2.74.2-alpha",
		"release": "Algol",
		"network": "goerli",
		"date": "2022-07-16T09:15:37-04:00",
		"commit": "58468ed0b50734a021e7cf4fe3a6d79ed3df0a14",
		"contracts": {
			"SafeDecimalMath": {
				"address": "0x6Bb3B18694A6849654379F040DcB112E07da9DC7",
				"status": "current",
				"keccak256": "0x8faeff5b40d4931b9c43a256e3e72d24b2885ab555ae85899a3c4d018ac6ca0c"
			},
			"Math": {
				"address": "0x6fa3D41F37F544c6982693eFEe8B0d4BD88986ed",
				"status": "current",
				"keccak256": "0x3fe1e0cd3d4b2dfd66e0b208e49d73e526fd1ea62aa25fe60fd84052467d1169"
			},
			"SystemSettingsLib": {
				"address": "0x83732C3eD8F24Af9b87DAcDC23b0Fe40abb77337",
				"status": "replaced",
				"keccak256": "0xc4e328478f9c625bb34c4f019040afd62b9dfb8f03882727e39888d3173f09a9",
				"replaced_in": "v2.78.0-alpha"
			},
			"SignedSafeDecimalMath": {
				"address": "0x6d2eA159C128eC361a9a23b1456Ef0aAD0bec46b",
				"status": "current",
				"keccak256": "0x0ddaacba077350bf0186ddf53ac5128dfc1de2b4a7e845ab15be49e78f96b5c9"
			},
			"AddressResolver": {
				"address": "0x1d551351613a28d676BaC1Af157799e201279198",
				"status": "current",
				"keccak256": "0x35d519080f147ad38577389febe2755409164c005ed06dd7bc4da398fd892542"
			},
			"ReadProxyAddressResolver": {
				"address": "0x9Fc84992dF5496797784374B810E04238728743d",
				"status": "current",
				"keccak256": "0xe3f1ef97378050b355b6abd615ecb4fd202806b774355b944c04bb4365691366"
			},
			"OneNetAggregatorIssuedSynths": {
				"address": "0x904c9424484ba6D5C47d979d8e9Fc5261747D681",
				"status": "current",
				"keccak256": "0x959b4559678871198948ef9575cf1315a6e21622566910cb9701932eae7d1383"
			},
			"OneNetAggregatorDebtRatio": {
				"address": "0x88e566CF9E29e08AfFB23abe3E9065bD88ACB152",
				"status": "current",
				"keccak256": "0x994be6f6eed9898df0c0cecd861af969ec985252ff4814ebc380fab77ed3e455"
			},
			"FlexibleStorage": {
				"address": "0x88CAf687f3E1cae053BF0CdbB52EFb1c5dcAbD87",
				"status": "current",
				"keccak256": "0x2efea714a8404eb6d7c2d2cfb32dfa5621c633d80df8da1dbde6d8ecf5d44d6c"
			},
			"SystemSettings": {
				"address": "0xD2cECA6DD62243aB2d342Eb04882c86a10b35274",
				"status": "replaced",
				"keccak256": "0xc78f371d395251ef1ee8c1305b485d38f084d31530560e802f5fc5147fe83451",
				"replaced_in": "v2.78.0-alpha"
			},
			"SystemStatus": {
				"address": "0x9D89fF8C6f3CC22F4BbB859D0F85FB3a4e1FA916",
				"status": "current",
				"keccak256": "0xd4ba3b8b574c2795ec994981815bdb6518da848579d169e419a906f4909ab8e1"
			},
			"ExchangeRates": {
				"address": "0xd90690084Cc97F87214f373a6835A2748C5bedd5",
				"status": "replaced",
				"keccak256": "0x253041b06ed79c4041c3dbd8ead751adeddc59f542563ac5adf7e897deb487a2",
				"replaced_in": "v2.76.0-alpha"
			},
			"RewardEscrowV2": {
				"address": "0x6dd94459B5A844a6739c2b38a9E6d6b165cE45D9",
				"status": "replaced",
				"keccak256": "0x02a5baf81127ef46b95c176883227e8e28914d4d05cb04288bf9e2bcd7fae1a7",
				"replaced_in": "v2.77.0-alpha"
			},
			"SynthetixEscrow": {
				"address": "0xFaFd00D0CaA6D5cd5161c5C1F18AaB24942aCAFA",
				"status": "current",
				"keccak256": "0x08b4c3a794877029f2128ba27c902e1e4914b11a477671aa6406f8e0df7e5ee5"
			},
			"SynthetixDebtShare": {
				"address": "0x3c710172e7f95aCAaDeD243982a90F8F235fF9f1",
				"status": "current",
				"keccak256": "0xcd6ce44360ada42085ce64977f0bf0e8df4d8d67f7c8c2e68c851bc66fb13569"
			},
			"ProxyFeePool": {
				"address": "0x4Fa8252a6C60C891BE35Db51F1F4F5973b88dF98",
				"status": "current",
				"keccak256": "0x9cd0d0395df499dcf3e2350ef414bd76e2e50c0577b5b16425bc940b388740e6"
			},
			"DelegateApprovalsEternalStorage": {
				"address": "0x9800812f1d80bbe763DA97C967e746ca7a2d1Ccd",
				"status": "current",
				"keccak256": "0x83105a5146dabddd69d37dcc5711a2843d7f386da3fd83eef33f7ffb3499e52d"
			},
			"DelegateApprovals": {
				"address": "0x2715DC87A9c9a9A1a02641403205F4F093E1A659",
				"status": "current",
				"keccak256": "0x96e174d2144e399a32cc96afc4188effb4ccff60301b076ff47b76e2dcc7fa19"
			},
			"Liquidator": {
				"address": "0x94215de0377428c810E32c73f7fc12E5f2Af2FE2",
				"status": "replaced",
				"keccak256": "0xa3a41743153253716b71351c31afaf62b73618b17ad371835fb745c358cfc7da",
				"replaced_in": "v2.77.0-alpha"
			},
			"LiquidatorRewards": {
				"address": "0x1c6C0a89064206e397E75b11Bcd370E8A8A007B4",
				"status": "current",
				"keccak256": "0xc2680fbb6e7f60f86c78f7d50a64ef26fd0103b61068e926359a17cfe6f81ff9"
			},
			"FeePoolEternalStorage": {
				"address": "0xd01075abdD086006c85840de62544506d7Ab3C79",
				"status": "current",
				"keccak256": "0x533862cbdc91f38f10c4f0aec20323e6b5e0365cb643299cd30975e74cd42172"
			},
			"FeePool": {
				"address": "0x216B2767C7E28f26878e668a6a06d3C364dE0725",
				"status": "replaced",
				"keccak256": "0x9caf5c8c01154e06ee890ee7fa87f5783aa24ced74e56a7dfc439bf48f611d51",
				"replaced_in": "v2.83.0-alpha"
			},
			"FeePoolState": {
				"address": "0x0FA904962C4f5427590dD4517697C32363639303",
				"status": "current",
				"keccak256": "0x1a038ca409a4cae2dc3d661bb1b2dc770ebb3d32be4cd585e6d7749b636ab5a8"
			},
			"RewardsDistribution": {
				"address": "0xb12704F8BddA7CF3eBa5F9A463404D4ba5d0e282",
				"status": "current",
				"keccak256": "0xc79e92b862775aca623f79001f3de3f19b910d892ac16293fda30c0b5f0e6dbb"
			},
			"TokenStateSynthetix": {
				"address": "0xB9525040A5B6a2d9e013240397079Fd1320559C4",
				"status": "current",
				"keccak256": "0xaaf8c22691420fa9324eaefe80d367c9e56ff1c9389a5de25fa72c8fc5785524"
			},
			"ProxySynthetix": {
				"address": "0x2E5ED97596a8368EB9E44B1f3F25B2E813845303",
				"status": "current",
				"keccak256": "0x450f870a93352e0feae6dfb45be1371d9e0dcb42c57b8795f2392ccf7ec6b87a"
			},
			"Synthetix": {
				"address": "0xE5Ff777aBF6bCDBEA930179526AE5284cD884e0B",
				"status": "replaced",
				"keccak256": "0xe5dd48f48970597d6808bffeeb3b787580800e99158506d0d726f1ecd86d4b57",
				"replaced_in": "v2.77.0-alpha"
			},
			"DebtCache": {
				"address": "0x216EaF79575563A5e13227ad075850cDeb004083",
				"status": "current",
				"keccak256": "0x1b9c04bb4f26508f6bcbcb405a93eefd824ea126927594c2a4d77a151a82fcc3"
			},
			"Exchanger": {
				"address": "0xcFAd59957537e62FB11E70d25c654e1538cC31C2",
				"status": "replaced",
				"keccak256": "0x879db1015167df4a2488ebdebcb5d2336d4ba456b480431560be4cabf467ccdd",
				"replaced_in": "v2.76.0-alpha"
			},
			"ExchangeCircuitBreaker": {
				"address": "0xFdb50671276DbC9D24D68b272B54dE4a87aaCc6c",
				"status": "current",
				"keccak256": "0x0dcef4c8dd9b612a811101aec0e0832df081b14a2660d6e90e438721111bfba4"
			},
			"ExchangeState": {
				"address": "0xeD5D12c5A772F32dE608CF84F671C123e132FA80",
				"status": "current",
				"keccak256": "0x8075540266120a2a05c7ba8aee8642b3f188ef69709d8766535280382c64ff26"
			},
			"Issuer": {
				"address": "0xd054361Cc8DeE60A32bDaF4B0d1c610326c29FE5",
				"status": "replaced",
				"keccak256": "0x269831f8c2f3fe01a4d4a7a2cdfa2642fa93aa7d024ec05506b19b971a5dff81",
				"replaced_in": "v2.76.0-alpha"
			},
			"TradingRewards": {
				"address": "0x08fb827Ee5A00232aDe347964225Ba4344665eD5",
				"status": "current",
				"keccak256": "0xf86e04577f564cd8f3ece6ed3f28657ba63ce8d0d6857e071bc1822103a377a9"
			},
			"EscrowChecker": {
				"address": "0x69927Cda9Df863464afAC7DA506928BF3a3ec11f",
				"status": "current",
				"keccak256": "0x585b5a341bff3143d0959456d5afd8afe063c013e7437ac5a2aa8fb8cad4471d"
			},
			"SynthetixBridgeToBase": {
				"address": "0xD2b3F0Ea40dB68088415412b0043F37B3088836D",
				"status": "current",
				"keccak256": "0x245c1265afd66fa9a7b14a78281cc71e7c53839c2d4d5b459c56e20b4cdc4d76"
			},
			"OwnerRelayOnOptimism": {
				"address": "0x55C20ea46766E3E50D4eD1973A88550B2949825c",
				"status": "current",
				"keccak256": "0xca25dd55b550ac2c84f0936c5608b79e4db8a309cb60b153a037306b26a69887"
			},
			"SynthRedeemer": {
				"address": "0x2A8338199D802620B4516a557195a498595d7Eb6",
				"status": "current",
				"keccak256": "0x6183c39a5db747b0fbd7f6fb6a91de16fa64637f244497f8ab9b4cb68bb28b58"
			},
			"WrapperFactory": {
				"address": "0x507cbddCF4e01396981190F0Ced8Ea37ca25b452",
				"status": "current",
				"keccak256": "0x0f35b4d59bcbb3b0e37dd3f4c7fd4a1e747ab05bbd888f51fbf1c7c1f5c91955"
			},
			"TokenStatesUSD": {
				"address": "0x43CA5848a2957C0718D240c02A4381A90111591e",
				"status": "current",
				"keccak256": "0xd22abb3b26a3a908924ea980e019c9e61bb2e80be675db7ff683d4f64c1e66f2"
			},
			"ProxysUSD": {
				"address": "0xeBaEAAD9236615542844adC5c149F86C36aD1136",
				"status": "current",
				"keccak256": "0x450f870a93352e0feae6dfb45be1371d9e0dcb42c57b8795f2392ccf7ec6b87a"
			},
			"SynthsUSD": {
				"address": "0x7c0B9FbA343fC80086ccC248A8431D5D8531d782",
				"status": "replaced",
				"keccak256": "0xd33c1c29758aa52cb5ee3b53e5bbb08f2183284029411acbe107114050280080",
				"replaced_in": "v2.77.1-alpha"
			},
			"TokenStatesETH": {
				"address": "0x1557769Cf42EE9e7c8D98CCFE0b454c2DEC125B6",
				"status": "current",
				"keccak256": "0xd22abb3b26a3a908924ea980e019c9e61bb2e80be675db7ff683d4f64c1e66f2"
			},
			"ProxysETH": {
				"address": "0x6c3856488e664C6b0380AAEfBFD1c28cd6727eC8",
				"status": "current",
				"keccak256": "0x450f870a93352e0feae6dfb45be1371d9e0dcb42c57b8795f2392ccf7ec6b87a"
			},
			"SynthsETH": {
				"address": "0x7D442107e2AD048C02F06332C918b1F81bd6850d",
				"status": "current",
				"keccak256": "0x548d16dab51321918778c500b04c32240f3d720f19d48533e0db9c2b9b722ebe"
			},
			"TokenStatesBTC": {
				"address": "0x716044850a48DeD57B0581298018D2d8502B1091",
				"status": "current",
				"keccak256": "0xd22abb3b26a3a908924ea980e019c9e61bb2e80be675db7ff683d4f64c1e66f2"
			},
			"ProxysBTC": {
				"address": "0x23c7a77D22Fc1274eCecB703f74699500db106E6",
				"status": "current",
				"keccak256": "0x450f870a93352e0feae6dfb45be1371d9e0dcb42c57b8795f2392ccf7ec6b87a"
			},
			"SynthsBTC": {
				"address": "0xFdB84151Bfc76857398BC3efd8d1b32A32c571f2",
				"status": "current",
				"keccak256": "0x548d16dab51321918778c500b04c32240f3d720f19d48533e0db9c2b9b722ebe"
			},
			"EtherWrapper": {
				"address": "0x858A2FF0EAe5fcb0be10df79B741Cff89B77FeCB",
				"status": "current",
				"keccak256": "0x703a6c1a2249a970634c572f862c5678539202afc1737265d32e4792058c316a"
			},
			"CollateralUtil": {
				"address": "0x4BbDe1e5f91e6E8928CdCBF800aC990015387EbA",
				"status": "current",
				"keccak256": "0x8711405f6eb962d12328cc6f1970f8f273672c87540d3eb0bb35c44348f273a5"
			},
			"CollateralManagerState": {
				"address": "0xA6B255CB2Bd5Ad5f3EaE2D246ec1c2c3F7F79574",
				"status": "current",
				"keccak256": "0x210a4faf451d7b80405d09bb8598c161c8462d3a92d8951c302113d85c4cd261"
			},
			"CollateralManager": {
				"address": "0x0440f82444C825a0842f50e1c25cb68676d736e3",
				"status": "current",
				"keccak256": "0xc89296438ad24ebea46aa5280ae3124eccabb3b24cb72abc2d1453ce133dface"
			},
			"CollateralEth": {
				"address": "0x35725C94f3B1aB6BbD533c0B6Df525537d422c5F",
				"status": "current",
				"keccak256": "0x7c5832dafac85bbe9d925ab5f06caf447af275c328683ee72791e0f09cc02f7a"
			},
			"CollateralShort": {
				"address": "0x1a471C12f7efd7adB0065E3c7e457a0c36c13490",
				"status": "current",
				"keccak256": "0xbb1284a2ba24a77308a7228d538fbaf851bc26561a9e0aff784f9216b8f0a4e9"
			},
			"FuturesMarketManager": {
				"address": "0x95d6B120862986Fb605B0ccD1f0E8a71f5f4fB2c",
				"status": "replaced",
				"keccak256": "0xc499403d1e29ee78c452d38f6d0f995fb2ea2ea2bc90a9f9c6195068a8a774cc",
				"replaced_in": "v2.80.0-alpha"
			},
			"FuturesMarketData": {
				"address": "0x3FAe35Cfea950Fada314589213BABC54A084d5Bf",
				"status": "current",
				"keccak256": "0x77371dec9a730d7c96c34e1ad298095be2a53e79916254fb7a7d586d4a582a17"
			},
			"FuturesMarketSettings": {
				"address": "0x0dde87714C3bdACB93bB1d38605aFff209a85998",
				"status": "current",
				"keccak256": "0x19b9bde507fd7c218ee6b628ea379e88be49d78222e3e2ee9b070b408c90d615"
			},
			"FuturesMarketBTC": {
				"address": "0x2f421752B7C07268DEA60A1B39D67927a5abA2F6",
				"status": "current",
				"keccak256": "0x3ebacd4c67da05bc8157f069d2f3546fb71cd8a5ccea2018a23a1e1399c5a6cf"
			},
			"FuturesMarketETH": {
				"address": "0x0D10c032ad006C98C33A95e59ab3BA2b0849bD59",
				"status": "current",
				"keccak256": "0x3ebacd4c67da05bc8157f069d2f3546fb71cd8a5ccea2018a23a1e1399c5a6cf"
			},
			"SynthUtil": {
				"address": "0xC647DecC9c4f9162dBF77E4367199F5ED0950355",
				"status": "current",
				"keccak256": "0x3e860c4917122cf1ce46047a3c3839cbe2ef5b3767b2c1ce953f83d71769a981"
			},
			"DappMaintenance": {
				"address": "0x4259a2004A1E110A86564ff1441c37F1461F344F",
				"status": "current",
				"keccak256": "0xf9e5dcfe099cb2ff62a5b4caf4b7902a7ef1fc64c325f69423c3dd825ccd8a86"
			}
		}
	},
	"v2.76.0-alpha": {
		"tag": "v2.76.0-alpha",
		"fulltag": "v2.76.0-alpha",
		"release": "Muhlifain",
		"network": "goerli",
		"date": "2022-08-10T16:30:16-04:00",
		"commit": "76dae71b79a67f9b96c5c0be859f41ba8afa2dee",
		"contracts": {
			"ExchangeRates": {
				"address": "0x280E5dFaA78CE685a846830bAe5F2FD21d6A3D89",
				"status": "replaced",
				"keccak256": "0x3898ac05c8e31b7a6ea707cd3f18e094d8fe6e3789dd9a564814a9e6591d1ff4",
				"replaced_in": "v2.78.0-alpha"
			},
			"Exchanger": {
				"address": "0x601A1Cf1a34d9cF0020dCCD361c155Fe54CE24fB",
				"status": "replaced",
				"keccak256": "0x3561c57db4da45a7926d94eade122a491e8dea6e213b463a2a6d50acd7e44c2f",
				"replaced_in": "v2.78.0-alpha"
			},
			"Issuer": {
				"address": "0x9D9aAf3ED4E4A708834F148f9b9d0d12Ba0a8034",
				"status": "replaced",
				"keccak256": "0x22f9559ff51ab99f76eab53c2b1842334692d255b6b2f78ae76b4c689c659bb8",
				"replaced_in": "v2.77.0-alpha"
			},
			"CircuitBreaker": {
				"address": "0x5cB8210159f486dFE8Dc779357ee5A15B8f233bC",
				"status": "current",
				"keccak256": "0x73c5c888b94317948d43dc70a2424ea4963649c19272588fc02135692b7cde30"
			}
		}
	},
	"v2.77.0-alpha": {
		"tag": "v2.77.0-alpha",
		"fulltag": "v2.77.0-alpha",
		"release": "Aspidiske",
		"network": "goerli",
		"date": "2022-08-31T09:17:04-04:00",
		"commit": "abac79bcefeea7c58bfe12d9d6d1636b82cf5498",
		"contracts": {
			"RewardEscrowV2": {
				"address": "0x32A0BAA5Acec418a85Fd032f0292893B8E4f743B",
				"status": "replaced",
				"keccak256": "0xd7a48d5a43d0f6dc6869dc198b5e8a475bae4a0f5bb8de12bacb3113c1a09ed8",
				"replaced_in": "v2.77.1-alpha"
			},
			"Liquidator": {
				"address": "0xa69768003543eBe5DD91E787278D99FfF9aD6095",
				"status": "replaced",
				"keccak256": "0x522be958cb83c736035ee47fcc2d933ddda1407bc1ece7f69f2f2d66c2e1d26f",
				"replaced_in": "v2.77.1-alpha"
			},
			"Synthetix": {
				"address": "0xD134Db47DDF5A6feB245452af17cCAf92ee53D3c",
				"status": "replaced",
				"keccak256": "0xfaed273e138234b2d726913a40b2ea4bd6b4458da8b4a4cd9ae4659ff2724d0e",
				"replaced_in": "v2.77.1-alpha"
			},
			"Issuer": {
				"address": "0x5F0CCaBe97bF838c777F08702E17EC300FF78cD0",
				"status": "replaced",
				"keccak256": "0x4fabd6bd1e726688d6105df107bce2de2c5a3c44663a0f2bb22caf48b7791a06",
				"replaced_in": "v2.77.1-alpha"
			},
			"RewardEscrowV2Storage": {
				"address": "0xFdB31235cDFe68bfFD1d687AC3A2b31E80eacf0d",
				"status": "replaced",
				"keccak256": "0x65f2455507f58e94591f9ef492e5f06468afaeb2d9f07933648155b7b68257fb",
				"replaced_in": "v2.77.1-alpha"
			}
		}
	},
	"v2.77.1-alpha": {
		"tag": "v2.77.1-alpha",
		"fulltag": "v2.77.1-alpha",
		"release": "Aspidiske",
		"network": "goerli",
		"date": "2022-10-20T10:36:46-04:00",
		"commit": "733a0de93ea4d4816dddf326143c0d86acb96dca",
		"contracts": {
			"RewardEscrowV2": {
				"address": "0xF6C92Ad11fa67b7b685aDb435FbE932c049B670c",
				"status": "current",
				"keccak256": "0xd7a48d5a43d0f6dc6869dc198b5e8a475bae4a0f5bb8de12bacb3113c1a09ed8"
			},
			"Liquidator": {
				"address": "0x3F3f0fb2b35cFAc95EDd08403633f29687E32f0D",
				"status": "replaced",
				"keccak256": "0x0bfcbee94000798a285a5654456e71546e6ffffb6ccd7abc8de236a2e958d231",
				"replaced_in": "v2.79.0-alpha"
			},
			"Synthetix": {
				"address": "0x11c6e5D94b91D87EF392109f28474ABfC09DddCb",
				"status": "replaced",
				"keccak256": "0xcedf9713485ff0f263313c684c02f47a28588a070bce67f32fec53975f86aae7",
				"replaced_in": "v2.79.0-alpha"
			},
			"Issuer": {
				"address": "0x6CE33132d1c4d0D232ea8F470C83a108f7ee0d6A",
				"status": "replaced",
				"keccak256": "0x46ee08b601ed69f547ba282d3e6c5a30e5163cd3652d7aa77c45633a7905da6d",
				"replaced_in": "v2.78.0-alpha"
			},
			"SynthsUSD": {
				"address": "0xfDa54191F3C0999dbf4c193dEF1B83EDD3e3Ba39",
				"status": "current",
				"keccak256": "0xf57c8b4b5c7f8534be6c98ca83ddda4d0f10609eb84e5418c886d6dfabea11ba"
			},
			"RewardEscrowV2Storage": {
				"address": "0x0C90f734a1c716540549D22509578331061CBff2",
				"status": "current",
				"keccak256": "0x65f2455507f58e94591f9ef492e5f06468afaeb2d9f07933648155b7b68257fb"
			},
			"FuturesMarketLINK": {
				"address": "0x071171c2289b2Aef8F83eC50650f8eb91DbE44d2",
				"status": "current",
				"keccak256": "0x4832bfedbf509d251bd63ceb83839c269605fecdf61ed4a20e9dee06448e02b8"
			},
			"FuturesMarketSOL": {
				"address": "0xc6fD6AD47e393a44283Eb2f7a058807C64853aA1",
				"status": "current",
				"keccak256": "0x4832bfedbf509d251bd63ceb83839c269605fecdf61ed4a20e9dee06448e02b8"
			},
			"FuturesMarketAVAX": {
				"address": "0xc6af1F51b262616BC7DBc3F000Df154709AEe1Bd",
				"status": "current",
				"keccak256": "0x4832bfedbf509d251bd63ceb83839c269605fecdf61ed4a20e9dee06448e02b8"
			},
			"FuturesMarketAAVE": {
				"address": "0x1E246e2bc7dc1e2baDa90dC824c71deAaBa65eE2",
				"status": "current",
				"keccak256": "0x4832bfedbf509d251bd63ceb83839c269605fecdf61ed4a20e9dee06448e02b8"
			},
			"FuturesMarketUNI": {
				"address": "0x44Af736495544a726ED15CB0EBe2d87a6bCC1832",
				"status": "current",
				"keccak256": "0x4832bfedbf509d251bd63ceb83839c269605fecdf61ed4a20e9dee06448e02b8"
			},
			"FuturesMarketMATIC": {
				"address": "0xE89f6f10Dd2e200440198a6b773E16e3c9B1478C",
				"status": "current",
				"keccak256": "0x4832bfedbf509d251bd63ceb83839c269605fecdf61ed4a20e9dee06448e02b8"
			},
			"FuturesMarketXAU": {
				"address": "0x2f1e8B79E9032b9f43A40d61fa4F446c3eFCf165",
				"status": "current",
				"keccak256": "0x4832bfedbf509d251bd63ceb83839c269605fecdf61ed4a20e9dee06448e02b8"
			},
			"FuturesMarketXAG": {
				"address": "0x89F36593eeD8807C43e81Ce7d633e15365274eeF",
				"status": "current",
				"keccak256": "0x4832bfedbf509d251bd63ceb83839c269605fecdf61ed4a20e9dee06448e02b8"
			},
			"FuturesMarketEUR": {
				"address": "0xAd4d525C8B6eAE32c3BFE8de5c7f87791690CdB3",
				"status": "current",
				"keccak256": "0x4832bfedbf509d251bd63ceb83839c269605fecdf61ed4a20e9dee06448e02b8"
			},
			"FuturesMarketAPE": {
				"address": "0xA7C788d7f5B177AfB3c7B3Af815C678F6181a163",
				"status": "current",
				"keccak256": "0x4832bfedbf509d251bd63ceb83839c269605fecdf61ed4a20e9dee06448e02b8"
			},
			"FuturesMarketDYDX": {
				"address": "0x122c1a5E0140bA0E3c7a44418bd83E9e5b049295",
				"status": "current",
				"keccak256": "0x4832bfedbf509d251bd63ceb83839c269605fecdf61ed4a20e9dee06448e02b8"
			},
			"FuturesMarketBNB": {
				"address": "0x3F66f483b8A66EcBbF3385E5Df6C581c2378d8B7",
				"status": "current",
				"keccak256": "0x4832bfedbf509d251bd63ceb83839c269605fecdf61ed4a20e9dee06448e02b8"
			},
			"FuturesMarketXMR": {
				"address": "0x0Ee2c2E01072c5Fa866BB3372Fe81698FB3165bA",
				"status": "current",
				"keccak256": "0x4832bfedbf509d251bd63ceb83839c269605fecdf61ed4a20e9dee06448e02b8"
			},
			"FuturesMarketDOGE": {
				"address": "0xc006bd42B2ca95Cd640D314dA3DF4c59436C7739",
				"status": "current",
				"keccak256": "0x4832bfedbf509d251bd63ceb83839c269605fecdf61ed4a20e9dee06448e02b8"
			}
		}
	},
	"v2.78.0-alpha": {
		"tag": "v2.78.0-alpha",
		"fulltag": "v2.78.0-alpha",
		"release": "Suhail",
		"network": "goerli",
		"date": "2022-11-03T09:49:41-04:00",
		"commit": "ae588340b5c7ed2e8ad7f0e88c245253e3eb501c",
		"contracts": {
			"SystemSettingsLib": {
				"address": "0x6B2554A8349319597D1a8a36DeeD07Fb7c70400d",
				"status": "current",
				"keccak256": "0xc4e328478f9c625bb34c4f019040afd62b9dfb8f03882727e39888d3173f09a9"
			},
			"SystemSettings": {
				"address": "0x418B1025f74E8BB889D35e9F37205d587743Ec9b",
				"status": "current",
				"keccak256": "0x6af2cf3e8bef667404d764f991e906eaffedde5921397198a65282aef2e2056c"
			},
			"ExchangeRates": {
				"address": "0x061B75475035c20ef2e35E1002Beb90C3c1f24cC",
				"status": "current",
				"keccak256": "0xbb4e3145d78771f77a18817fd6f00a4ac4870152e20a3e98780a9bfaab2ef961"
			},
			"Exchanger": {
				"address": "0x164724726608622b6e5Fa1aF8932b45A7Bd1a94D",
				"status": "current",
				"keccak256": "0x3b924889c1ebb903cb0ba5cafb01a9bc44740a4a18e1554db88764e88df6042e"
			},
			"Issuer": {
				"address": "0x59bd355dd9A853b345434474341178DbC27dC7a6",
				"status": "replaced",
				"keccak256": "0xfe5fc654ccd66b4bf3baca842a69216b468e96447c2529ba5eabdfb6793b8955",
				"replaced_in": "v2.83.0-alpha"
			},
			"ExchangeSettlementLib": {
				"address": "0xc09f90045F772117634FDF23fFCCd3bEE1abB4AD",
				"status": "current",
				"keccak256": "0x9b464e20dadef8a37ddf2ddcc41f4d22d5ba6aab434f244b2c687babcdc03d3e"
			},
			"DirectIntegrationManager": {
				"address": "0xbDC73F42943bAce3A4eEE280650e80531Cc6a38C",
				"status": "current",
				"keccak256": "0xa461f2178b2a89520febb03b493fbcccc1b7299fade9826090a391186ce0b36d"
			}
		}
	},
	"v2.79.0-alpha": {
		"tag": "v2.79.0-alpha",
		"fulltag": "v2.79.0-alpha",
		"release": "Alphecca",
		"network": "goerli",
		"date": "2022-11-22T17:13:21-05:00",
		"commit": "1eb631c2c842afc501158a09b17e61a47e280a3c",
		"contracts": {
			"Liquidator": {
				"address": "0x5e042334B5Bb0434aB2512d16FfcD4Db61F94f18",
				"status": "current",
				"keccak256": "0x04ca15c8a874862ae8997031bbb2330db2fb7ecd489b46b86645f545151ae581"
			},
			"Synthetix": {
				"address": "0x8cF677281A8Ad57e0db4A8e6B57aE17211f97689",
				"status": "replaced",
				"keccak256": "0x9f4bfdb0f2116bf1dbd405ed4274b169a2b05143012307b0689e4b7d0fea5165",
				"replaced_in": "v2.84.0-alpha"
			}
		}
	},
	"v2.80.0-alpha": {
		"tag": "v2.80.0-alpha",
		"fulltag": "v2.80.0-alpha",
		"release": "Mintaka",
		"network": "goerli",
		"date": "2022-12-02T15:28:23-05:00",
		"commit": "6571493f7284a9b41740a70a33fe83f77ef23036",
		"contracts": {
			"FuturesMarketManager": {
				"address": "0xC8440d8e46D3C06beD106C6f2F918F30182bEb06",
				"status": "replaced",
				"keccak256": "0xf9913604691dce765cf83abaef060ac03f72ace87dcf68c12dd6003c5fa60a3f",
				"replaced_in": "v2.80.1-alpha"
			},
			"PerpsV2MarketData": {
				"address": "0x72EBE50eAE6C73124F07E85138b751eb4981811F",
				"status": "replaced",
				"keccak256": "0xb89208f099733259f5f6e5d4e1cc8913a85f004b3e31685dd52964597317fd7b",
				"replaced_in": "v2.80.1-alpha"
			},
			"PerpsV2MarketSettings": {
				"address": "0xCC3bc93Be00FaAfD25eca9be262b9b9843e15dcA",
				"status": "replaced",
				"keccak256": "0x1ccd92595440adbd72bbb91c7f2ac85a230f04b03374f927b0b3792737b2b1fa",
				"replaced_in": "v2.80.1-alpha"
			},
			"PerpsV2ExchangeRate": {
				"address": "0x0E2B8a6f4b7914bF536cBb51D8Ec97FdD3c93539",
				"status": "replaced",
				"keccak256": "0x6421fe35efca21c5f1774b3236e3a364b23db42de4a09fba12457b56020ab896",
				"replaced_in": "v2.80.1-alpha"
			},
			"PerpsV2ProxyBTCPERP": {
				"address": "0xd5844EA3701a4507C27ebc5EBA733E1Aa2915B31",
				"status": "current",
				"keccak256": "0xe79b34032f845059ce5c877d5ea079502d4e34532226d10db26ae5f23f693109"
			},
			"PerpsV2MarketStateBTCPERP": {
				"address": "0xb82C1c9491A529F7AB9B4A6d42537eDDe28d83F3",
				"status": "current",
				"keccak256": "0x3321bf115569fd6485ac61f9a18f33923d950430bb73bbde4914532ba1f26ddc"
			},
			"PerpsV2MarketBTCPERP": {
				"address": "0xDfBb25c54a2bbe605BFD452f9846ae152486dae9",
				"status": "replaced",
				"keccak256": "0x344e77e84c1ff81851093679e5fa715d48a774045d80b2a081c5d47aecf4ef18",
				"replaced_in": "v2.80.1-alpha"
			},
			"PerpsV2MarketViewsBTCPERP": {
				"address": "0x0a3fbB025aBB1a49E7a1b3A60D95b5bD584FBEF2",
				"status": "replaced",
				"keccak256": "0x983cf1765f00996f9d94fdd28a0084d43bdac7584f4be8b104678da58e2ad081",
				"replaced_in": "v2.80.1-alpha"
			},
			"PerpsV2DelayedOrderBTCPERP": {
				"address": "0x8F5c81b0A6dd27241b6eEF845F359AcB5D16C808",
				"status": "replaced",
				"keccak256": "0x9cfef9646253017d4c37501ef7646e84e9f2a1dade1ec704052f9b7135605a12",
				"replaced_in": "v2.80.1-alpha"
			},
			"PerpsV2OffchainDelayedOrderBTCPERP": {
				"address": "0xf7968E6e5ddE5682534992398d7f392709b79C8b",
				"status": "replaced",
				"keccak256": "0xbc7324e220217e83c7bff23704f94b3edc23b76ea73401b3cfbda0d8aec5a28c",
				"replaced_in": "v2.80.1-alpha"
			},
			"PerpsV2ProxyETHPERP": {
				"address": "0x111BAbcdd66b1B60A20152a2D3D06d36F8B5703c",
				"status": "current",
				"keccak256": "0xe79b34032f845059ce5c877d5ea079502d4e34532226d10db26ae5f23f693109"
			},
			"PerpsV2MarketStateETHPERP": {
				"address": "0x3ad86e158377264F5d4C7625798496D279e7E33a",
				"status": "current",
				"keccak256": "0x3321bf115569fd6485ac61f9a18f33923d950430bb73bbde4914532ba1f26ddc"
			},
			"PerpsV2MarketETHPERP": {
				"address": "0x8bDfB37555C1F87195F475cAf2A7e9A769717Ff6",
				"status": "replaced",
				"keccak256": "0x344e77e84c1ff81851093679e5fa715d48a774045d80b2a081c5d47aecf4ef18",
				"replaced_in": "v2.80.2-alpha"
			},
			"PerpsV2MarketViewsETHPERP": {
				"address": "0x7f778ae58281B035ED56f02C1f931129d5B94BEC",
				"status": "replaced",
				"keccak256": "0x983cf1765f00996f9d94fdd28a0084d43bdac7584f4be8b104678da58e2ad081",
				"replaced_in": "v2.80.2-alpha"
			},
			"PerpsV2DelayedOrderETHPERP": {
				"address": "0xbe55a54dE7500992EEA1db09CD854893a7A2a221",
				"status": "replaced",
				"keccak256": "0x9cfef9646253017d4c37501ef7646e84e9f2a1dade1ec704052f9b7135605a12",
				"replaced_in": "v2.80.2-alpha"
			},
			"PerpsV2OffchainDelayedOrderETHPERP": {
				"address": "0x770F4Df1DE337FF4dEE79C82E954eb6f70961e57",
				"status": "replaced",
				"keccak256": "0xbc7324e220217e83c7bff23704f94b3edc23b76ea73401b3cfbda0d8aec5a28c",
				"replaced_in": "v2.80.2-alpha"
			}
		}
	},
	"v2.80.1-alpha": {
		"tag": "v2.80.1-alpha",
		"fulltag": "v2.80.1-alpha",
		"release": "Mintaka",
		"network": "goerli",
		"date": "2022-12-15T15:45:14-05:00",
		"commit": "09dae90318aa19fbe017d4200385b2ef6ccb2803",
		"contracts": {
			"FuturesMarketManager": {
				"address": "0x1306e1F0eFdc84EDBE665cD9B5146C535B5B382A",
				"status": "replaced",
				"keccak256": "0xa3e61f9cc4cdadb555143e7b8e9a1c7819a7ade8706b8d4816dcd96abb90d0d1",
				"replaced_in": "v2.80.2-alpha"
			},
			"PerpsV2MarketData": {
				"address": "0x0D9eFa310a4771c444233B10bfB57e5b991ad529",
				"status": "replaced",
				"keccak256": "0x6c261f68839a3e1b0e0628bb5dbd894d714103d797dd4589112d56b2b8854860",
				"replaced_in": "v2.80.2-alpha"
			},
			"PerpsV2MarketSettings": {
				"address": "0x14fA3376E2ffa41708A0636009A35CAE8D8E2bc7",
				"status": "replaced",
				"keccak256": "0x12785217e8268d5794cffb53b4d4848ed8a5d147faf0ccc758a0156e65d23a1e",
				"replaced_in": "v2.80.2-alpha"
			},
			"PerpsV2ExchangeRate": {
				"address": "0xf160B3173a14Cd7464E1CBe5fbAEB4c90da3Ad39",
				"status": "replaced",
				"keccak256": "0xd999737a0ad9825757d9bd616af24e79fec7bd7d30fe70559f4aa8b1a0299716",
				"replaced_in": "v2.80.2-alpha"
			},
			"PerpsV2MarketBTCPERP": {
				"address": "0xf84F9e5f156F780A1458e4b9C591917a8908F119",
				"status": "replaced",
				"keccak256": "0x349b17e5f4cf23221b59bec08abc7f722b73c3c6286163601a11c2a3b317aa9a",
				"replaced_in": "v2.80.2-alpha"
			},
			"PerpsV2MarketViewsBTCPERP": {
				"address": "0x775CcD342b5e3101e36724773d2CfD1c3612B302",
				"status": "replaced",
				"keccak256": "0x9e7a47fd262d656ff4ec67f50fecc4984b0d2ab4fd39847a8a2787d57ea611e6",
				"replaced_in": "v2.80.2-alpha"
			},
			"PerpsV2DelayedOrderBTCPERP": {
				"address": "0xA65574A3FaE065F70C707702CF8cc637B0B750b1",
				"status": "replaced",
				"keccak256": "0x6b8e6b27af62266f12b5162b0a4a4d00ea77b05fb81bf58e622fca7d264a1ab8",
				"replaced_in": "v2.80.2-alpha"
			},
			"PerpsV2OffchainDelayedOrderBTCPERP": {
				"address": "0x95949895D7CC9eEF57F98B3c571576519F1420A9",
				"status": "replaced",
				"keccak256": "0xcea074c31e31f3f2c3a5d709bd871dc08918f3503f17ac8d1d6710d8557db41a",
				"replaced_in": "v2.80.2-alpha"
			}
		}
	},
	"v2.80.2-alpha": {
		"tag": "v2.80.2-alpha",
		"fulltag": "v2.80.2-alpha",
		"release": "Mintaka",
		"network": "goerli",
		"date": "2022-12-16T16:42:03+00:00",
		"commit": "622f9fd42028c2e689d820bede471845aa43a47a",
		"contracts": {
			"FuturesMarketManager": {
				"address": "0xc429dd84c9a9a7c786764c7dcaF31e30bd35BcdF",
				"status": "current",
				"keccak256": "0xa3e61f9cc4cdadb555143e7b8e9a1c7819a7ade8706b8d4816dcd96abb90d0d1"
			},
			"PerpsV2MarketData": {
				"address": "0xc880Cd434eD843398a2E20C8C617E6a9C2690A23",
				"status": "current",
				"keccak256": "0x6c261f68839a3e1b0e0628bb5dbd894d714103d797dd4589112d56b2b8854860"
			},
			"PerpsV2MarketSettings": {
				"address": "0x11CBE5740e145B25743C328c7605c6372dF3b45f",
				"status": "replaced",
				"keccak256": "0x12785217e8268d5794cffb53b4d4848ed8a5d147faf0ccc758a0156e65d23a1e",
				"replaced_in": "v2.80.4-alpha"
			},
			"PerpsV2ExchangeRate": {
				"address": "0x59b9D61F28C6D296a917f8171e42C6fcE5C1Fbea",
				"status": "current",
				"keccak256": "0xd999737a0ad9825757d9bd616af24e79fec7bd7d30fe70559f4aa8b1a0299716"
			},
			"PerpsV2MarketBTCPERP": {
				"address": "0x86946c06ec7451F433d9c3D01Fa0b76cb83043BB",
				"status": "replaced",
				"keccak256": "0x349b17e5f4cf23221b59bec08abc7f722b73c3c6286163601a11c2a3b317aa9a",
				"replaced_in": "v2.80.4-alpha"
			},
			"PerpsV2MarketViewsBTCPERP": {
				"address": "0x35E9b5C094887B82b4230de1f0aE355964831933",
				"status": "replaced",
				"keccak256": "0x9e7a47fd262d656ff4ec67f50fecc4984b0d2ab4fd39847a8a2787d57ea611e6",
				"replaced_in": "v2.80.4-alpha"
			},
			"PerpsV2DelayedOrderBTCPERP": {
				"address": "0x42D0e43c4F19B6e88FC40dE5bB1C28730cD9c43C",
				"status": "replaced",
				"keccak256": "0x6b8e6b27af62266f12b5162b0a4a4d00ea77b05fb81bf58e622fca7d264a1ab8",
				"replaced_in": "v2.80.4-alpha"
			},
			"PerpsV2OffchainDelayedOrderBTCPERP": {
				"address": "0x9D31529A79dF07a723Cdc4E7e11FaB42decc4043",
				"status": "replaced",
				"keccak256": "0xcea074c31e31f3f2c3a5d709bd871dc08918f3503f17ac8d1d6710d8557db41a",
				"replaced_in": "v2.80.4-alpha"
			},
			"PerpsV2MarketETHPERP": {
				"address": "0x4D657c0d33739D322cDB439D65d2D56E8928d3Ea",
				"status": "replaced",
				"keccak256": "0x349b17e5f4cf23221b59bec08abc7f722b73c3c6286163601a11c2a3b317aa9a",
				"replaced_in": "v2.80.4-alpha"
			},
			"PerpsV2MarketViewsETHPERP": {
				"address": "0xDD0C5Fb003d152d99bA68C2C2b7D432b832a43d5",
				"status": "replaced",
				"keccak256": "0x9e7a47fd262d656ff4ec67f50fecc4984b0d2ab4fd39847a8a2787d57ea611e6",
				"replaced_in": "v2.80.4-alpha"
			},
			"PerpsV2DelayedOrderETHPERP": {
				"address": "0xF64b4E28F4B5bF83905694016b2496f5E4e7943b",
				"status": "replaced",
				"keccak256": "0x6b8e6b27af62266f12b5162b0a4a4d00ea77b05fb81bf58e622fca7d264a1ab8",
				"replaced_in": "v2.80.4-alpha"
			},
			"PerpsV2OffchainDelayedOrderETHPERP": {
				"address": "0xCE7760d0D9Ea15C7CCC06d2D76f34817e0d6bC1A",
				"status": "replaced",
				"keccak256": "0xcea074c31e31f3f2c3a5d709bd871dc08918f3503f17ac8d1d6710d8557db41a",
				"replaced_in": "v2.80.4-alpha"
			}
		}
	},
	"v2.80.4-alpha": {
		"tag": "v2.80.4-alpha",
		"fulltag": "v2.80.4-alpha",
		"release": "Mintaka",
		"network": "goerli",
		"date": "2023-01-30T15:38:08+00:00",
		"commit": "ad1f72628208005567bdebb6c40cf5ab246329b9",
		"contracts": {
			"PerpsV2MarketSettings": {
				"address": "0xcE6F78bbc9080891b6732D27e5Ca7e866594F927",
				"status": "current",
				"keccak256": "0x2b0eae2142e1ed316f5cf4688bbaa14d02a3755460234cdecf050f86c80e1ef6"
			},
			"PerpsV2MarketBTCPERP": {
				"address": "0xf5D3Ce88E7b7C5385c8f56Ccc2DA53e3091F41Ef",
				"status": "current",
				"keccak256": "0x9a4f8d3df9202f93f5406da0e3590cf16011548c236d561c3d6f052585a76f7f"
			},
			"PerpsV2MarketViewsBTCPERP": {
				"address": "0x9904F58ed6BB6feB7AD412A81F584dE2dee7CD98",
				"status": "current",
				"keccak256": "0x24b9e9fe81b2e92e7449e5f766e6fbb0c2013110523531ff21de7d19ff6bed0c"
			},
			"PerpsV2DelayedOrderBTCPERP": {
				"address": "0xB2da27081d3E12837FF36A858b619B26C70A1E72",
				"status": "current",
				"keccak256": "0x50c7889a6be3697ac46b2d673ae566b696ddddc643f5b932f8b8639e9af770b2"
			},
			"PerpsV2OffchainDelayedOrderBTCPERP": {
				"address": "0x9335fAb54147265A4Cce5333455adceA2b241194",
				"status": "current",
				"keccak256": "0x0dacd347d9414b86b6481e4606ba9382946082293506f5511b37398036439fb4"
			},
			"PerpsV2MarketETHPERP": {
				"address": "0xf935F225a49ad37be81Bb9430BEc780446474E13",
				"status": "current",
				"keccak256": "0x9a4f8d3df9202f93f5406da0e3590cf16011548c236d561c3d6f052585a76f7f"
			},
			"PerpsV2MarketViewsETHPERP": {
				"address": "0xfa1151791F9dbCd3eD7aA76DBc07582c3320E743",
				"status": "current",
				"keccak256": "0x24b9e9fe81b2e92e7449e5f766e6fbb0c2013110523531ff21de7d19ff6bed0c"
			},
			"PerpsV2DelayedOrderETHPERP": {
				"address": "0xFd16cDa7e5808D24FB16b419D37FB7EF636c51b7",
				"status": "current",
				"keccak256": "0x50c7889a6be3697ac46b2d673ae566b696ddddc643f5b932f8b8639e9af770b2"
			},
			"PerpsV2OffchainDelayedOrderETHPERP": {
				"address": "0x4Ce0D35AcE88e88599b3ca5DC613029D6240274d",
				"status": "current",
				"keccak256": "0x0dacd347d9414b86b6481e4606ba9382946082293506f5511b37398036439fb4"
			}
		}
	},
	"v2.82.0-alpha": {
		"tag": "v2.82.0-alpha",
		"fulltag": "v2.82.0-alpha",
		"release": "Eltanin",
		"network": "goerli",
		"date": "2023-02-06T19:02:18+00:00",
		"commit": "1fb0de7fd62da81dd85cf15c61053f255f058029",
		"contracts": {
			"PerpsV2ProxyLINKPERP": {
				"address": "0x6141dcfF3494921e1C4Cdb115daD20C6656f6EFA",
				"status": "current",
				"keccak256": "0xf2b764f8f435fc338d04c110dd021bb0bd438d20c3c5c2ab6671727de614fe1b"
			},
			"PerpsV2MarketStateLINKPERP": {
				"address": "0xd079A9622ECFa67eAA4072b86DE84A9f0574dBbe",
				"status": "current",
				"keccak256": "0xd055193b502acf2b9a648ef331eed4ee8972bb102f14604d6bfa9327bf419b31"
			},
			"PerpsV2MarketLINKPERP": {
				"address": "0x58Cd2c1715F6b7614bEe6982384d96FFA5717c2E",
				"status": "current",
				"keccak256": "0x9a4f8d3df9202f93f5406da0e3590cf16011548c236d561c3d6f052585a76f7f"
			},
			"PerpsV2MarketViewsLINKPERP": {
				"address": "0x21c52b1BACD336Ff55D01fa3e62C4C9D75712B66",
				"status": "current",
				"keccak256": "0x24b9e9fe81b2e92e7449e5f766e6fbb0c2013110523531ff21de7d19ff6bed0c"
			},
			"PerpsV2DelayedOrderLINKPERP": {
				"address": "0x0f5c65Acb355CE08e6D2e3FAD1C6ee8114caC15F",
				"status": "current",
				"keccak256": "0x50c7889a6be3697ac46b2d673ae566b696ddddc643f5b932f8b8639e9af770b2"
			},
			"PerpsV2OffchainDelayedOrderLINKPERP": {
				"address": "0xEa599A48D290123148ba9128e7941D6C86EE5C6d",
				"status": "current",
				"keccak256": "0x0dacd347d9414b86b6481e4606ba9382946082293506f5511b37398036439fb4"
			},
			"PerpsV2ProxySOLPERP": {
				"address": "0x62068eBDCEbcB0eB984aBfEa4c7f9A244050e0Ca",
				"status": "current",
				"keccak256": "0xf2b764f8f435fc338d04c110dd021bb0bd438d20c3c5c2ab6671727de614fe1b"
			},
			"PerpsV2MarketStateSOLPERP": {
				"address": "0x2fe08C69D8ab826b4E08c47F0EEa9090255f2840",
				"status": "current",
				"keccak256": "0xd055193b502acf2b9a648ef331eed4ee8972bb102f14604d6bfa9327bf419b31"
			},
			"PerpsV2MarketSOLPERP": {
				"address": "0x02566b9C95b9Ab5E42526Cf461AA5A3F223F95c1",
				"status": "current",
				"keccak256": "0x9a4f8d3df9202f93f5406da0e3590cf16011548c236d561c3d6f052585a76f7f"
			},
			"PerpsV2MarketViewsSOLPERP": {
				"address": "0x2aD9950f6e4118462BfEB70A602E5EB4F4a3F879",
				"status": "current",
				"keccak256": "0x24b9e9fe81b2e92e7449e5f766e6fbb0c2013110523531ff21de7d19ff6bed0c"
			},
			"PerpsV2DelayedOrderSOLPERP": {
				"address": "0x99d2548Bd76b09607d27E42155a2bc21b8Ee77EF",
				"status": "current",
				"keccak256": "0x50c7889a6be3697ac46b2d673ae566b696ddddc643f5b932f8b8639e9af770b2"
			},
			"PerpsV2OffchainDelayedOrderSOLPERP": {
				"address": "0x4967d1987930b2CD183dAB4B6C40B8745DD2eba1",
				"status": "current",
				"keccak256": "0x0dacd347d9414b86b6481e4606ba9382946082293506f5511b37398036439fb4"
			},
			"PerpsV2ProxyAVAXPERP": {
				"address": "0xe140356AB1F0558e020610C9C6BccdAA4FDDE2f4",
				"status": "current",
				"keccak256": "0xf2b764f8f435fc338d04c110dd021bb0bd438d20c3c5c2ab6671727de614fe1b"
			},
			"PerpsV2MarketStateAVAXPERP": {
				"address": "0x7d470b2c680Df1299e181E6a2Ec00A97fA5b3a2c",
				"status": "current",
				"keccak256": "0xd055193b502acf2b9a648ef331eed4ee8972bb102f14604d6bfa9327bf419b31"
			},
			"PerpsV2MarketAVAXPERP": {
				"address": "0x95729171827872afEc2dF8d8136E175e68627e0D",
				"status": "current",
				"keccak256": "0x9a4f8d3df9202f93f5406da0e3590cf16011548c236d561c3d6f052585a76f7f"
			},
			"PerpsV2MarketViewsAVAXPERP": {
				"address": "0xF6dA94187FF744B3AcfFb64d5Aa307F253403e34",
				"status": "current",
				"keccak256": "0x24b9e9fe81b2e92e7449e5f766e6fbb0c2013110523531ff21de7d19ff6bed0c"
			},
			"PerpsV2DelayedOrderAVAXPERP": {
				"address": "0xC70acc95C8b816433d3650E2b8E0c0B40e2Cfd0E",
				"status": "current",
				"keccak256": "0x50c7889a6be3697ac46b2d673ae566b696ddddc643f5b932f8b8639e9af770b2"
			},
			"PerpsV2OffchainDelayedOrderAVAXPERP": {
				"address": "0x14b1568725aeD20b5CD76e3E784F43310738a38b",
				"status": "current",
				"keccak256": "0x0dacd347d9414b86b6481e4606ba9382946082293506f5511b37398036439fb4"
			},
			"PerpsV2ProxyAAVEPERP": {
				"address": "0x3410215D8A0BD57dAc5911785F2A832402D5c828",
				"status": "current",
				"keccak256": "0xf2b764f8f435fc338d04c110dd021bb0bd438d20c3c5c2ab6671727de614fe1b"
			},
			"PerpsV2MarketStateAAVEPERP": {
				"address": "0x794AFd9B432DE16450fF118f6402cf591E7226b6",
				"status": "current",
				"keccak256": "0xd055193b502acf2b9a648ef331eed4ee8972bb102f14604d6bfa9327bf419b31"
			},
			"PerpsV2MarketAAVEPERP": {
				"address": "0x9CfDd5dC91300Ac62672053a26659D5C52B81880",
				"status": "current",
				"keccak256": "0x9a4f8d3df9202f93f5406da0e3590cf16011548c236d561c3d6f052585a76f7f"
			},
			"PerpsV2MarketViewsAAVEPERP": {
				"address": "0x9085208a2f39A0cbA5128b736E041ff5C3dFefBf",
				"status": "current",
				"keccak256": "0x24b9e9fe81b2e92e7449e5f766e6fbb0c2013110523531ff21de7d19ff6bed0c"
			},
			"PerpsV2DelayedOrderAAVEPERP": {
				"address": "0x3FF85EdC96341924a43950ecfaEfA52a4342aB56",
				"status": "current",
				"keccak256": "0x50c7889a6be3697ac46b2d673ae566b696ddddc643f5b932f8b8639e9af770b2"
			},
			"PerpsV2OffchainDelayedOrderAAVEPERP": {
				"address": "0xf3c60f60Ee2F981f107B6E19c784653dAe912bdd",
				"status": "current",
				"keccak256": "0x0dacd347d9414b86b6481e4606ba9382946082293506f5511b37398036439fb4"
			},
			"PerpsV2ProxyUNIPERP": {
				"address": "0xaF11B4281259D7Ae31F945a2911Ba75347C2799d",
				"status": "current",
				"keccak256": "0xf2b764f8f435fc338d04c110dd021bb0bd438d20c3c5c2ab6671727de614fe1b"
			},
			"PerpsV2MarketStateUNIPERP": {
				"address": "0x9dD3D55Be18D138E304A6191D78baf62ec12044e",
				"status": "current",
				"keccak256": "0xd055193b502acf2b9a648ef331eed4ee8972bb102f14604d6bfa9327bf419b31"
			},
			"PerpsV2MarketUNIPERP": {
				"address": "0x16718f9f527Da1D956F5AF4aEd3789790Ed28600",
				"status": "current",
				"keccak256": "0x9a4f8d3df9202f93f5406da0e3590cf16011548c236d561c3d6f052585a76f7f"
			},
			"PerpsV2MarketViewsUNIPERP": {
				"address": "0xd0B56389D2f10bfbEA4196904044c993908Ad3b5",
				"status": "current",
				"keccak256": "0x24b9e9fe81b2e92e7449e5f766e6fbb0c2013110523531ff21de7d19ff6bed0c"
			},
			"PerpsV2DelayedOrderUNIPERP": {
				"address": "0x774506226e943d7ca12A271836a2Af5F97b543b4",
				"status": "current",
				"keccak256": "0x50c7889a6be3697ac46b2d673ae566b696ddddc643f5b932f8b8639e9af770b2"
			},
			"PerpsV2OffchainDelayedOrderUNIPERP": {
				"address": "0x0e9A31335A17a7Da18989753290aA1199ECfe89f",
				"status": "current",
				"keccak256": "0x0dacd347d9414b86b6481e4606ba9382946082293506f5511b37398036439fb4"
			},
			"PerpsV2ProxyMATICPERP": {
				"address": "0x7bBEa20899d358ed6d877f32af1BCb525a5fCF31",
				"status": "current",
				"keccak256": "0xf2b764f8f435fc338d04c110dd021bb0bd438d20c3c5c2ab6671727de614fe1b"
			},
			"PerpsV2MarketStateMATICPERP": {
				"address": "0xe184b90580D61c1D48d4eE7D4583e37871d4117c",
				"status": "current",
				"keccak256": "0xd055193b502acf2b9a648ef331eed4ee8972bb102f14604d6bfa9327bf419b31"
			},
			"PerpsV2MarketMATICPERP": {
				"address": "0x49a4d182f3d4883e386ec1A9b56be4be0E7ed001",
				"status": "current",
				"keccak256": "0x9a4f8d3df9202f93f5406da0e3590cf16011548c236d561c3d6f052585a76f7f"
			},
			"PerpsV2MarketViewsMATICPERP": {
				"address": "0x5Ac411d21cDC64c790fe8f4084674F8BbCC19dD0",
				"status": "current",
				"keccak256": "0x24b9e9fe81b2e92e7449e5f766e6fbb0c2013110523531ff21de7d19ff6bed0c"
			},
			"PerpsV2DelayedOrderMATICPERP": {
				"address": "0xed988020700dcA6EE128Fa995bdC5Bb13945aE03",
				"status": "current",
				"keccak256": "0x50c7889a6be3697ac46b2d673ae566b696ddddc643f5b932f8b8639e9af770b2"
			},
			"PerpsV2OffchainDelayedOrderMATICPERP": {
				"address": "0x92DC5545D8Febc241D7942e1bB9656009b063393",
				"status": "current",
				"keccak256": "0x0dacd347d9414b86b6481e4606ba9382946082293506f5511b37398036439fb4"
			},
			"PerpsV2ProxyAPEPERP": {
				"address": "0xeff373efBD352531F680575796AE14764bE0391B",
				"status": "current",
				"keccak256": "0xf2b764f8f435fc338d04c110dd021bb0bd438d20c3c5c2ab6671727de614fe1b"
			},
			"PerpsV2MarketStateAPEPERP": {
				"address": "0xabE0b70033Da709a1a2ECF78CcbB6649A997199b",
				"status": "current",
				"keccak256": "0xd055193b502acf2b9a648ef331eed4ee8972bb102f14604d6bfa9327bf419b31"
			},
			"PerpsV2MarketAPEPERP": {
				"address": "0x6bde143e6661aE37B46603B06a1357aD274d7B8c",
				"status": "current",
				"keccak256": "0x9a4f8d3df9202f93f5406da0e3590cf16011548c236d561c3d6f052585a76f7f"
			},
			"PerpsV2MarketViewsAPEPERP": {
				"address": "0x63762f7997d708388163a2161fD8Ff6c64DF3E3f",
				"status": "current",
				"keccak256": "0x24b9e9fe81b2e92e7449e5f766e6fbb0c2013110523531ff21de7d19ff6bed0c"
			},
			"PerpsV2DelayedOrderAPEPERP": {
				"address": "0x844f98835b57970f6a86Fdb884AFe114103c14C5",
				"status": "current",
				"keccak256": "0x50c7889a6be3697ac46b2d673ae566b696ddddc643f5b932f8b8639e9af770b2"
			},
			"PerpsV2OffchainDelayedOrderAPEPERP": {
				"address": "0xf6f173C31B3a24Fbe23cC7f30D5F98fe929172DE",
				"status": "current",
				"keccak256": "0x0dacd347d9414b86b6481e4606ba9382946082293506f5511b37398036439fb4"
			},
			"PerpsV2ProxyDYDXPERP": {
				"address": "0xb97e868a340BA00C10557c234C9F17cC41B0f667",
				"status": "current",
				"keccak256": "0xf2b764f8f435fc338d04c110dd021bb0bd438d20c3c5c2ab6671727de614fe1b"
			},
			"PerpsV2MarketStateDYDXPERP": {
				"address": "0x55B85653DF3e5fba20c314d37ED2aA135E47A174",
				"status": "current",
				"keccak256": "0xd055193b502acf2b9a648ef331eed4ee8972bb102f14604d6bfa9327bf419b31"
			},
			"PerpsV2MarketDYDXPERP": {
				"address": "0xefa65829E6a3FD2eF06bD312aDDe66B41f236c35",
				"status": "current",
				"keccak256": "0x9a4f8d3df9202f93f5406da0e3590cf16011548c236d561c3d6f052585a76f7f"
			},
			"PerpsV2MarketViewsDYDXPERP": {
				"address": "0x5cdC76C0440dE6Ca9f1dc96fF6B4C33b4e5f65F7",
				"status": "current",
				"keccak256": "0x24b9e9fe81b2e92e7449e5f766e6fbb0c2013110523531ff21de7d19ff6bed0c"
			},
			"PerpsV2DelayedOrderDYDXPERP": {
				"address": "0x8bDe1A85CC3B889fFF13e3083312975266051959",
				"status": "current",
				"keccak256": "0x50c7889a6be3697ac46b2d673ae566b696ddddc643f5b932f8b8639e9af770b2"
			},
			"PerpsV2OffchainDelayedOrderDYDXPERP": {
				"address": "0x0800ee8341119E2d47aE33e30f6843cdaB677f54",
				"status": "current",
				"keccak256": "0x0dacd347d9414b86b6481e4606ba9382946082293506f5511b37398036439fb4"
			},
			"PerpsV2ProxyBNBPERP": {
				"address": "0x307072038D47bAE97CaE56C0eA87F2a5f0CD8389",
				"status": "current",
				"keccak256": "0xf2b764f8f435fc338d04c110dd021bb0bd438d20c3c5c2ab6671727de614fe1b"
			},
			"PerpsV2MarketStateBNBPERP": {
				"address": "0xDb1bee7A74a3E9B4da83799F85Aa3A8f9A40786c",
				"status": "current",
				"keccak256": "0xd055193b502acf2b9a648ef331eed4ee8972bb102f14604d6bfa9327bf419b31"
			},
			"PerpsV2MarketBNBPERP": {
				"address": "0xbe8A82d7B731Ee2243F9F0B77b25f8462C57929C",
				"status": "current",
				"keccak256": "0x9a4f8d3df9202f93f5406da0e3590cf16011548c236d561c3d6f052585a76f7f"
			},
			"PerpsV2MarketViewsBNBPERP": {
				"address": "0x87F4Dcc7aa2218E804a2EC0a42530F3807c6990C",
				"status": "current",
				"keccak256": "0x24b9e9fe81b2e92e7449e5f766e6fbb0c2013110523531ff21de7d19ff6bed0c"
			},
			"PerpsV2DelayedOrderBNBPERP": {
				"address": "0x466ee9cA48d7b99cE7dd1c856Da68a5817f97B4F",
				"status": "current",
				"keccak256": "0x50c7889a6be3697ac46b2d673ae566b696ddddc643f5b932f8b8639e9af770b2"
			},
			"PerpsV2OffchainDelayedOrderBNBPERP": {
				"address": "0xC8e7252e3c4b2A33db51AdC68331423268b1d939",
				"status": "current",
				"keccak256": "0x0dacd347d9414b86b6481e4606ba9382946082293506f5511b37398036439fb4"
			},
			"PerpsV2ProxyOPPERP": {
				"address": "0x4926222EDDa82965Aa08080f281928f8cba5922A",
				"status": "current",
				"keccak256": "0xf2b764f8f435fc338d04c110dd021bb0bd438d20c3c5c2ab6671727de614fe1b"
			},
			"PerpsV2MarketStateOPPERP": {
				"address": "0x6bb821777814C5ac99A663B58e816479a4dca6e7",
				"status": "current",
				"keccak256": "0xd055193b502acf2b9a648ef331eed4ee8972bb102f14604d6bfa9327bf419b31"
			},
			"PerpsV2MarketOPPERP": {
				"address": "0x81091f40f3dAD80a863278C476F5bE58cE99457F",
				"status": "current",
				"keccak256": "0x9a4f8d3df9202f93f5406da0e3590cf16011548c236d561c3d6f052585a76f7f"
			},
			"PerpsV2MarketViewsOPPERP": {
				"address": "0xf8305181be287f3Fbda1d4EBD167b88eD39D2c17",
				"status": "current",
				"keccak256": "0x24b9e9fe81b2e92e7449e5f766e6fbb0c2013110523531ff21de7d19ff6bed0c"
			},
			"PerpsV2DelayedOrderOPPERP": {
				"address": "0x0CA91B2f2A047F292Dd7C2EEdF10874c7F6CC4AC",
				"status": "current",
				"keccak256": "0x50c7889a6be3697ac46b2d673ae566b696ddddc643f5b932f8b8639e9af770b2"
			},
			"PerpsV2OffchainDelayedOrderOPPERP": {
				"address": "0xe64beb261C5CBAA761c997Fdb17a6906b10D8792",
				"status": "current",
				"keccak256": "0x0dacd347d9414b86b6481e4606ba9382946082293506f5511b37398036439fb4"
			},
			"PerpsV2ProxyDOGEPERP": {
				"address": "0x3A4D5262b10C670a06550FCf7346cd408343B3FB",
				"status": "current",
				"keccak256": "0xf2b764f8f435fc338d04c110dd021bb0bd438d20c3c5c2ab6671727de614fe1b"
			},
			"PerpsV2MarketStateDOGEPERP": {
				"address": "0xD51d38F95d590E8aC327740439Cc914394076E70",
				"status": "current",
				"keccak256": "0xd055193b502acf2b9a648ef331eed4ee8972bb102f14604d6bfa9327bf419b31"
			},
			"PerpsV2MarketDOGEPERP": {
				"address": "0x6798726F240a6722D037DfD001988530139A4cC7",
				"status": "current",
				"keccak256": "0x9a4f8d3df9202f93f5406da0e3590cf16011548c236d561c3d6f052585a76f7f"
			},
			"PerpsV2MarketViewsDOGEPERP": {
				"address": "0x6c739b2Ca73BA9981680A367e9db74cFe37f0C41",
				"status": "current",
				"keccak256": "0x24b9e9fe81b2e92e7449e5f766e6fbb0c2013110523531ff21de7d19ff6bed0c"
			},
			"PerpsV2DelayedOrderDOGEPERP": {
				"address": "0xFC8c8836719D3Bc6174Ef943FDA1b7becD2E0bB9",
				"status": "current",
				"keccak256": "0x50c7889a6be3697ac46b2d673ae566b696ddddc643f5b932f8b8639e9af770b2"
			},
			"PerpsV2OffchainDelayedOrderDOGEPERP": {
				"address": "0x694A632cCb1231FFaF1c64cbAB96fc0e8d4577e2",
				"status": "current",
				"keccak256": "0x0dacd347d9414b86b6481e4606ba9382946082293506f5511b37398036439fb4"
			},
			"PerpsV2ProxyXAUPERP": {
				"address": "0xcC312F5Bac1C36CC70AbcbE76De913633Af88FFB",
				"status": "current",
				"keccak256": "0xf2b764f8f435fc338d04c110dd021bb0bd438d20c3c5c2ab6671727de614fe1b"
			},
			"PerpsV2MarketStateXAUPERP": {
				"address": "0xc9951483d3f8370BCb9617805Ce3B7873B5aDA08",
				"status": "current",
				"keccak256": "0xd055193b502acf2b9a648ef331eed4ee8972bb102f14604d6bfa9327bf419b31"
			},
			"PerpsV2MarketXAUPERP": {
				"address": "0x647EE25B84159ef513f2914b848d99B62c15bc54",
				"status": "current",
				"keccak256": "0x9a4f8d3df9202f93f5406da0e3590cf16011548c236d561c3d6f052585a76f7f"
			},
			"PerpsV2MarketViewsXAUPERP": {
				"address": "0x063803D766f70283ccd26D6a317375C9f6C8C97a",
				"status": "current",
				"keccak256": "0x24b9e9fe81b2e92e7449e5f766e6fbb0c2013110523531ff21de7d19ff6bed0c"
			},
			"PerpsV2DelayedOrderXAUPERP": {
				"address": "0x815d6956b4105a25D7E89242A3CE3c4e24b90A89",
				"status": "current",
				"keccak256": "0x50c7889a6be3697ac46b2d673ae566b696ddddc643f5b932f8b8639e9af770b2"
			},
			"PerpsV2OffchainDelayedOrderXAUPERP": {
				"address": "0x55b86E086BA3f80D674F31fEE174DE9c10B758b8",
				"status": "current",
				"keccak256": "0x0dacd347d9414b86b6481e4606ba9382946082293506f5511b37398036439fb4"
			},
			"PerpsV2ProxyXAGPERP": {
				"address": "0x78D1232449387571D652E2a893DC0feaC6E92436",
				"status": "current",
				"keccak256": "0xf2b764f8f435fc338d04c110dd021bb0bd438d20c3c5c2ab6671727de614fe1b"
			},
			"PerpsV2MarketStateXAGPERP": {
				"address": "0xa394e42D93a8B9EB4F758566b79dA150CA5B7Fa0",
				"status": "current",
				"keccak256": "0xd055193b502acf2b9a648ef331eed4ee8972bb102f14604d6bfa9327bf419b31"
			},
			"PerpsV2MarketXAGPERP": {
				"address": "0x563Ef44d12EFabDf3Cbf76316254067B1512e8dF",
				"status": "current",
				"keccak256": "0x9a4f8d3df9202f93f5406da0e3590cf16011548c236d561c3d6f052585a76f7f"
			},
			"PerpsV2MarketViewsXAGPERP": {
				"address": "0x205Cf8876d0D22C5FcD684F6f39F6b43D3D5A217",
				"status": "current",
				"keccak256": "0x24b9e9fe81b2e92e7449e5f766e6fbb0c2013110523531ff21de7d19ff6bed0c"
			},
			"PerpsV2DelayedOrderXAGPERP": {
				"address": "0x655599aa4AB094Fc43e9708d81d3D0cb8677ea4e",
				"status": "current",
				"keccak256": "0x50c7889a6be3697ac46b2d673ae566b696ddddc643f5b932f8b8639e9af770b2"
			},
			"PerpsV2OffchainDelayedOrderXAGPERP": {
				"address": "0xBE14F44dc2DE3A905019f06e5279c60e45102659",
				"status": "current",
				"keccak256": "0x0dacd347d9414b86b6481e4606ba9382946082293506f5511b37398036439fb4"
			},
			"PerpsV2ProxyEURPERP": {
				"address": "0x9C54994933205E33628A8870c05AFF0878b1A56b",
				"status": "current",
				"keccak256": "0xf2b764f8f435fc338d04c110dd021bb0bd438d20c3c5c2ab6671727de614fe1b"
			},
			"PerpsV2MarketStateEURPERP": {
				"address": "0xEB6a3a7d38Cd37Cf8ef2158c247249e6809ede2c",
				"status": "current",
				"keccak256": "0xd055193b502acf2b9a648ef331eed4ee8972bb102f14604d6bfa9327bf419b31"
			},
			"PerpsV2MarketEURPERP": {
				"address": "0x4AaA4c8eb1c4777137A54963Be1FEf51C3Eb4149",
				"status": "current",
				"keccak256": "0x9a4f8d3df9202f93f5406da0e3590cf16011548c236d561c3d6f052585a76f7f"
			},
			"PerpsV2MarketViewsEURPERP": {
				"address": "0xB2bBCc08B930717387De4f8a713801eD6b9361b8",
				"status": "current",
				"keccak256": "0x24b9e9fe81b2e92e7449e5f766e6fbb0c2013110523531ff21de7d19ff6bed0c"
			},
			"PerpsV2DelayedOrderEURPERP": {
				"address": "0x39d1Fad09590BcBaeF683E349176DcFd4E428Ed6",
				"status": "current",
				"keccak256": "0x50c7889a6be3697ac46b2d673ae566b696ddddc643f5b932f8b8639e9af770b2"
			},
			"PerpsV2OffchainDelayedOrderEURPERP": {
				"address": "0x19F9D73e405D93cb77D327249D2f747CF9636c9B",
				"status": "current",
				"keccak256": "0x0dacd347d9414b86b6481e4606ba9382946082293506f5511b37398036439fb4"
			},
			"PerpsV2ProxyATOMPERP": {
				"address": "0xcCdc541a12CA359216913c1893C080d951874346",
				"status": "current",
				"keccak256": "0xf2b764f8f435fc338d04c110dd021bb0bd438d20c3c5c2ab6671727de614fe1b"
			},
			"PerpsV2MarketStateATOMPERP": {
				"address": "0xbd352Bd6D6f81395EB94ba3778Aa3c7c523B1D97",
				"status": "current",
				"keccak256": "0xd055193b502acf2b9a648ef331eed4ee8972bb102f14604d6bfa9327bf419b31"
			},
			"PerpsV2MarketATOMPERP": {
				"address": "0x285Bd7f8E1Da034717B66BEd5d6374A1ba08DA87",
				"status": "current",
				"keccak256": "0x9a4f8d3df9202f93f5406da0e3590cf16011548c236d561c3d6f052585a76f7f"
			},
			"PerpsV2MarketViewsATOMPERP": {
				"address": "0xeCc3728edea44FcCDB17Ccc32ec12ce5c2bbA1A3",
				"status": "current",
				"keccak256": "0x24b9e9fe81b2e92e7449e5f766e6fbb0c2013110523531ff21de7d19ff6bed0c"
			},
			"PerpsV2DelayedOrderATOMPERP": {
				"address": "0x87f762c3BA319d1c66D4006a062461c8326B6289",
				"status": "current",
				"keccak256": "0x50c7889a6be3697ac46b2d673ae566b696ddddc643f5b932f8b8639e9af770b2"
			},
			"PerpsV2OffchainDelayedOrderATOMPERP": {
				"address": "0x79754B07f0a0816dD32f128f10537D27032045E9",
				"status": "current",
				"keccak256": "0x0dacd347d9414b86b6481e4606ba9382946082293506f5511b37398036439fb4"
			},
			"PerpsV2ProxyAXSPERP": {
				"address": "0x9CE0556a563f18AeA0E89F407B0b1710F095956f",
				"status": "current",
				"keccak256": "0xf2b764f8f435fc338d04c110dd021bb0bd438d20c3c5c2ab6671727de614fe1b"
			},
			"PerpsV2MarketStateAXSPERP": {
				"address": "0xf1F58f5aAA20D1556e6C55C340Bc2fb6af9f1f91",
				"status": "current",
				"keccak256": "0xd055193b502acf2b9a648ef331eed4ee8972bb102f14604d6bfa9327bf419b31"
			},
			"PerpsV2MarketAXSPERP": {
				"address": "0x43ad429dfAcDA5Eda18524F9fc1c935d229F2417",
				"status": "current",
				"keccak256": "0x9a4f8d3df9202f93f5406da0e3590cf16011548c236d561c3d6f052585a76f7f"
			},
			"PerpsV2MarketViewsAXSPERP": {
				"address": "0x9FEd02B2c48b4CBD92027cD1CCED52900E256CBA",
				"status": "current",
				"keccak256": "0x24b9e9fe81b2e92e7449e5f766e6fbb0c2013110523531ff21de7d19ff6bed0c"
			},
			"PerpsV2DelayedOrderAXSPERP": {
				"address": "0xeFaCdB4108336256DE373BD7110141B49Fbd71E4",
				"status": "current",
				"keccak256": "0x50c7889a6be3697ac46b2d673ae566b696ddddc643f5b932f8b8639e9af770b2"
			},
			"PerpsV2OffchainDelayedOrderAXSPERP": {
				"address": "0xb71a41cB1B8e0E60B850a43249e326E80fea6de5",
				"status": "current",
				"keccak256": "0x0dacd347d9414b86b6481e4606ba9382946082293506f5511b37398036439fb4"
			},
			"PerpsV2ProxyFLOWPERP": {
				"address": "0xcFA34059b55E1a1c820e4D62A6CA4f8e00522eBB",
				"status": "current",
				"keccak256": "0xf2b764f8f435fc338d04c110dd021bb0bd438d20c3c5c2ab6671727de614fe1b"
			},
			"PerpsV2MarketStateFLOWPERP": {
				"address": "0x1eD0E066cFB00FdfB62f98EBE1E450053f7D304c",
				"status": "current",
				"keccak256": "0xd055193b502acf2b9a648ef331eed4ee8972bb102f14604d6bfa9327bf419b31"
			},
			"PerpsV2MarketFLOWPERP": {
				"address": "0xB707e842eBd99EdD04F635862F8753bFb42F2511",
				"status": "current",
				"keccak256": "0x9a4f8d3df9202f93f5406da0e3590cf16011548c236d561c3d6f052585a76f7f"
			},
			"PerpsV2MarketViewsFLOWPERP": {
				"address": "0xa24363a0c463682f590AFcC4Bff36A028471D476",
				"status": "current",
				"keccak256": "0x24b9e9fe81b2e92e7449e5f766e6fbb0c2013110523531ff21de7d19ff6bed0c"
			},
			"PerpsV2DelayedOrderFLOWPERP": {
				"address": "0x82704d07Df11B7c1411D682f07c8358e4BAFd37e",
				"status": "current",
				"keccak256": "0x50c7889a6be3697ac46b2d673ae566b696ddddc643f5b932f8b8639e9af770b2"
			},
			"PerpsV2OffchainDelayedOrderFLOWPERP": {
				"address": "0xd1210dDA1b9b9c667e6FCCb0C09bC36De6B48B8b",
				"status": "current",
				"keccak256": "0x0dacd347d9414b86b6481e4606ba9382946082293506f5511b37398036439fb4"
			},
			"PerpsV2ProxyFTMPERP": {
				"address": "0x70362529cCfF83f586EB48e978eF3b60384cE050",
				"status": "current",
				"keccak256": "0xf2b764f8f435fc338d04c110dd021bb0bd438d20c3c5c2ab6671727de614fe1b"
			},
			"PerpsV2MarketStateFTMPERP": {
				"address": "0x201fbc5DF6A12e7ED013cf2A4272643578e9B660",
				"status": "current",
				"keccak256": "0xd055193b502acf2b9a648ef331eed4ee8972bb102f14604d6bfa9327bf419b31"
			},
			"PerpsV2MarketFTMPERP": {
				"address": "0x8262BaDdD5644b02f317eA1AD4E5cBC52B9bfd0b",
				"status": "current",
				"keccak256": "0x9a4f8d3df9202f93f5406da0e3590cf16011548c236d561c3d6f052585a76f7f"
			},
			"PerpsV2MarketViewsFTMPERP": {
				"address": "0xFbE4FFA5e1844A4A2121086623125C99B2A322b9",
				"status": "current",
				"keccak256": "0x24b9e9fe81b2e92e7449e5f766e6fbb0c2013110523531ff21de7d19ff6bed0c"
			},
			"PerpsV2DelayedOrderFTMPERP": {
				"address": "0x41076E867566c22435a6A9f8Ba7997570ca6d314",
				"status": "current",
				"keccak256": "0x50c7889a6be3697ac46b2d673ae566b696ddddc643f5b932f8b8639e9af770b2"
			},
			"PerpsV2OffchainDelayedOrderFTMPERP": {
				"address": "0xc52a7D57B3EBFee52b7B8c99fE3Ab66C0Bdf1Fd5",
				"status": "current",
				"keccak256": "0x0dacd347d9414b86b6481e4606ba9382946082293506f5511b37398036439fb4"
			},
			"PerpsV2ProxyNEARPERP": {
				"address": "0xf503e527854b510C1952425d4b61c6bba40028CE",
				"status": "current",
				"keccak256": "0xf2b764f8f435fc338d04c110dd021bb0bd438d20c3c5c2ab6671727de614fe1b"
			},
			"PerpsV2MarketStateNEARPERP": {
				"address": "0xEFEd528e5161fE26632fa1195A4a6d692cCb66D7",
				"status": "current",
				"keccak256": "0xd055193b502acf2b9a648ef331eed4ee8972bb102f14604d6bfa9327bf419b31"
			},
			"PerpsV2MarketNEARPERP": {
				"address": "0x42dABd4AdCbACe2D10a82F9a23a83d767598B2dD",
				"status": "current",
				"keccak256": "0x9a4f8d3df9202f93f5406da0e3590cf16011548c236d561c3d6f052585a76f7f"
			},
			"PerpsV2MarketViewsNEARPERP": {
				"address": "0xbd2998Ae30A6B5026967ae9aE929A865c2288739",
				"status": "current",
				"keccak256": "0x24b9e9fe81b2e92e7449e5f766e6fbb0c2013110523531ff21de7d19ff6bed0c"
			},
			"PerpsV2DelayedOrderNEARPERP": {
				"address": "0x3c7D28dD8586807BBED246B2318781ba388B1C92",
				"status": "current",
				"keccak256": "0x50c7889a6be3697ac46b2d673ae566b696ddddc643f5b932f8b8639e9af770b2"
			},
			"PerpsV2OffchainDelayedOrderNEARPERP": {
				"address": "0x59D5c61456462e8D5aE57F6B0422B3c6D8629FFC",
				"status": "current",
				"keccak256": "0x0dacd347d9414b86b6481e4606ba9382946082293506f5511b37398036439fb4"
			},
			"PerpsV2ProxyAUDPERP": {
				"address": "0x95b78e2E07090587754f3088Ef8a8232f1Ab7E47",
				"status": "current",
				"keccak256": "0xf2b764f8f435fc338d04c110dd021bb0bd438d20c3c5c2ab6671727de614fe1b"
			},
			"PerpsV2MarketStateAUDPERP": {
				"address": "0xf84312375eb2BBBdE43D6069CAcc4a0a156d6d9b",
				"status": "current",
				"keccak256": "0xd055193b502acf2b9a648ef331eed4ee8972bb102f14604d6bfa9327bf419b31"
			},
			"PerpsV2MarketAUDPERP": {
				"address": "0x00BC4f76a0e2f8BdbcE85B676083db706726C5AD",
				"status": "current",
				"keccak256": "0x9a4f8d3df9202f93f5406da0e3590cf16011548c236d561c3d6f052585a76f7f"
			},
			"PerpsV2MarketViewsAUDPERP": {
				"address": "0xBbBC4d3eA49449a3d6915624E7C3d1e17fF7DbDb",
				"status": "current",
				"keccak256": "0x24b9e9fe81b2e92e7449e5f766e6fbb0c2013110523531ff21de7d19ff6bed0c"
			},
			"PerpsV2DelayedOrderAUDPERP": {
				"address": "0x628D012b3714702a024317584194b6b6831Cd5eB",
				"status": "current",
				"keccak256": "0x50c7889a6be3697ac46b2d673ae566b696ddddc643f5b932f8b8639e9af770b2"
			},
			"PerpsV2OffchainDelayedOrderAUDPERP": {
				"address": "0xdfbE490fD9eB03f842CF065Fd220ac3fCb3e58C8",
				"status": "current",
				"keccak256": "0x0dacd347d9414b86b6481e4606ba9382946082293506f5511b37398036439fb4"
			},
			"PerpsV2ProxyGBPPERP": {
				"address": "0x534181B37bdaFdD1E28104Bc5117184F40e1056F",
				"status": "current",
				"keccak256": "0xf2b764f8f435fc338d04c110dd021bb0bd438d20c3c5c2ab6671727de614fe1b"
			},
			"PerpsV2MarketStateGBPPERP": {
				"address": "0xD4B5e6fD9D5E2C192CF0DA5B56702A5F12459Bc8",
				"status": "current",
				"keccak256": "0xd055193b502acf2b9a648ef331eed4ee8972bb102f14604d6bfa9327bf419b31"
			},
			"PerpsV2MarketGBPPERP": {
				"address": "0xdB01fde18c1E4Dc061be39D45E1B4622395cA176",
				"status": "current",
				"keccak256": "0x9a4f8d3df9202f93f5406da0e3590cf16011548c236d561c3d6f052585a76f7f"
			},
			"PerpsV2MarketViewsGBPPERP": {
				"address": "0x60b57a5D8C8a28ae5A36024B74B8dfF19128a27f",
				"status": "current",
				"keccak256": "0x24b9e9fe81b2e92e7449e5f766e6fbb0c2013110523531ff21de7d19ff6bed0c"
			},
			"PerpsV2DelayedOrderGBPPERP": {
				"address": "0x71848580eB88408e36B590231508d5b120C57360",
				"status": "current",
				"keccak256": "0x50c7889a6be3697ac46b2d673ae566b696ddddc643f5b932f8b8639e9af770b2"
			},
			"PerpsV2OffchainDelayedOrderGBPPERP": {
				"address": "0xe762dc242408530D37f1a57dbF627e7DE0eE8415",
				"status": "current",
				"keccak256": "0x0dacd347d9414b86b6481e4606ba9382946082293506f5511b37398036439fb4"
			}
		}
	},
	"v2.83.0-alpha": {
		"tag": "v2.83.0-alpha",
		"fulltag": "v2.83.0-alpha",
		"release": "Schedar",
		"network": "goerli",
		"date": "2023-02-10T19:31:29-05:00",
		"commit": "3321a01927659dae47b6728d30e2d1af0369857d",
		"contracts": {
			"FeePool": {
				"address": "0x41B88d77A1C0Ea3cdcf44D69365399F4dCBab5B0",
				"status": "current",
				"keccak256": "0x98eccd224f7660cfe5f5f6be8e53186b21166b5d2b3c40e7afa136afc0110d13"
			},
			"Issuer": {
				"address": "0x7D1a0954CB643A506465b338A2DD414A10ABaBF3",
				"status": "replaced",
				"keccak256": "0xddabc4d8c9a7676784dc0e0c7cf12a203c0a5e3814cc21a3854edce5e8e5a456",
				"replaced_in": "v2.84.0-alpha"
			}
		}
	},
	"v2.84.0-alpha": {
		"tag": "v2.84.0-alpha",
		"fulltag": "v2.84.0-alpha",
		"release": "Naos",
		"network": "goerli",
		"date": "2023-03-07T22:29:15-05:00",
		"commit": "9b9606976efe2d8148f99d7892700698cf669f46",
		"contracts": {
			"Synthetix": {
				"address": "0xB8779a07186ae7555f96eb276925c5B5b7bE4096",
				"status": "replaced",
				"keccak256": "0x355fee15752dad139f5ea58172cc390aed525aad39dcf87921cdaa1c9b5ea91f",
				"replaced_in": "v2.84.1-alpha"
			},
			"Issuer": {
				"address": "0x42E3288434a04283C55C50D8f61056a955F3bbFA",
				"status": "replaced",
				"keccak256": "0x6bad7c208a6d9e921fbe254a7af649062cdd75b9e4adf4518af082123fa0eb0b",
				"replaced_in": "v2.84.1-alpha"
			},
			"DebtMigratorOnOptimism": {
				"address": "0x1a13e712Adc6Bf818DD128C2219CDE22920950fc",
				"status": "replaced",
				"keccak256": "0xa9b667c02efe9551d5b8ae9ed448a2aaf8c51c10df63877f0779f3db6c3dd2f7",
				"replaced_in": "v2.84.1-alpha"
			}
		}
	},
	"v2.84.1-alpha": {
		"tag": "v2.84.1-alpha",
		"fulltag": "v2.84.1-alpha",
		"release": "Naos",
		"network": "goerli",
		"date": "2023-03-08T23:33:37-05:00",
		"commit": "05d6dab3b74bfb76e3341ffad20ea5f41f0ea914",
		"contracts": {
			"Synthetix": {
				"address": "0xCAe990698AAA1929Ed3dCE882239AB5C2Be5C580",
				"status": "current",
				"keccak256": "0x355fee15752dad139f5ea58172cc390aed525aad39dcf87921cdaa1c9b5ea91f"
			},
			"Issuer": {
				"address": "0xd88Ae718b51713a55BfebF8BB097935eD6fC7f38",
				"status": "current",
				"keccak256": "0x6bad7c208a6d9e921fbe254a7af649062cdd75b9e4adf4518af082123fa0eb0b"
			},
			"DebtMigratorOnOptimism": {
				"address": "0xF6D9Eb4B947481e209359f27b105219e28aAD12e",
				"status": "current",
				"keccak256": "0x87a52e05f7ce3ec6c3c45479af2c8406657c5ca3536ccc2c4d283cc9a16e7858"
			}
		}
	}
}
