{
	"v2.74.2-alpha": {
		"tag": "v2.74.2-alpha",
		"fulltag": "v2.74.2-alpha",
		"release": "Algol",
		"network": "goerli",
		"date": "2022-07-15T14:48:43-04:00",
		"commit": "3049037c3d06f3e2a7fea65f5f5d7c6c161aa830",
		"contracts": {
			"SafeDecimalMath": {
				"address": "0xb6a200136891Be1C881431320E4092953788C7e0",
				"status": "current",
				"keccak256": "0x8faeff5b40d4931b9c43a256e3e72d24b2885ab555ae85899a3c4d018ac6ca0c"
			},
			"Math": {
				"address": "0xee5cFeEA2caC5F3A13DB1193c211C7bfA5c03dF0",
				"status": "current",
				"keccak256": "0x3fe1e0cd3d4b2dfd66e0b208e49d73e526fd1ea62aa25fe60fd84052467d1169"
			},
			"SystemSettingsLib": {
				"address": "0x2b4A2D263B40a8A38dA080109f6e40DA65Ac7134",
				"status": "replaced",
				"keccak256": "0xc4e328478f9c625bb34c4f019040afd62b9dfb8f03882727e39888d3173f09a9",
				"replaced_in": "v2.76.0-alpha"
			},
			"SignedSafeDecimalMath": {
				"address": "0xbFe5dA86981e2dB461bd85D31795aD233748EE32",
				"status": "current",
				"keccak256": "0x0ddaacba077350bf0186ddf53ac5128dfc1de2b4a7e845ab15be49e78f96b5c9"
			},
			"AddressResolver": {
				"address": "0x0C80ff30d1e09135ec60cfe52B2c2EaE1B2f42AB",
				"status": "current",
				"keccak256": "0x35d519080f147ad38577389febe2755409164c005ed06dd7bc4da398fd892542"
			},
			"ReadProxyAddressResolver": {
				"address": "0x58719E8Ef4d201541e44505a2ACB3424481d6681",
				"status": "current",
				"keccak256": "0xe3f1ef97378050b355b6abd615ecb4fd202806b774355b944c04bb4365691366"
			},
			"OneNetAggregatorIssuedSynths": {
				"address": "0xBE14c5803Fa245C5e8c70d5050a076Baaa52956c",
				"status": "current",
				"keccak256": "0x959b4559678871198948ef9575cf1315a6e21622566910cb9701932eae7d1383"
			},
			"OneNetAggregatorDebtRatio": {
				"address": "0x409b427d6c8227eeCb4079EF74A6F9224297E19E",
				"status": "current",
				"keccak256": "0x994be6f6eed9898df0c0cecd861af969ec985252ff4814ebc380fab77ed3e455"
			},
			"OneNetAggregatorsDEFI": {
				"address": "0xA43Ba9F2A27F5Fe86c7A8Fe4A75d42F4d2Cf6358",
				"status": "current",
				"keccak256": "0x5b5d345731005a6932760cc76f2a390544cae09c21f7141f4ebeca21f9248692"
			},
			"FlexibleStorage": {
				"address": "0x485f9215839a122A3EF7c412B25931C6FeC02A45",
				"status": "current",
				"keccak256": "0x2efea714a8404eb6d7c2d2cfb32dfa5621c633d80df8da1dbde6d8ecf5d44d6c"
			},
			"SystemSettings": {
				"address": "0x1816A4Cf73C94D0107d066ef3DE0efc18C47E4FA",
				"status": "replaced",
				"keccak256": "0xc78f371d395251ef1ee8c1305b485d38f084d31530560e802f5fc5147fe83451",
				"replaced_in": "v2.76.0-alpha"
			},
			"SystemStatus": {
				"address": "0x31541f35F6Bd061f4A894fB7eEE565f81EE50df3",
				"status": "current",
				"keccak256": "0xd4ba3b8b574c2795ec994981815bdb6518da848579d169e419a906f4909ab8e1"
			},
			"ExchangeRates": {
				"address": "0x688E9e6F458167Dc653b24a8A41Cfd152e6A3922",
				"status": "replaced",
				"keccak256": "0x9fb8d0d51946d910dbfd56df99d6604955b629ebe88affd4eab5cac0801ce350",
				"replaced_in": "v2.75.0-alpha"
			},
			"RewardEscrow": {
				"address": "0x249BCCbFD33FA6653Db02aE2349444EF25E9B41d",
				"status": "current",
				"keccak256": "0x33b8f8c59f0745640dcf58b0ac327fcac9a71797de84c019d3a2959448d6dfa7"
			},
			"RewardEscrowV2": {
				"address": "0xDA99793491559d22e2C8c216Bec3Ea1ACb4F90B3",
				"status": "replaced",
				"keccak256": "0xef4f75fbbc7ec6bd6f0e30ec3a1c2cf4c95a25b673ce8e66ebf857b14b48541a",
				"replaced_in": "v2.77.0-alpha"
			},
			"SynthetixEscrow": {
				"address": "0xD1F9481B1df0401FEB40667b10f2D0AAEc81cd34",
				"status": "current",
				"keccak256": "0x08b4c3a794877029f2128ba27c902e1e4914b11a477671aa6406f8e0df7e5ee5"
			},
			"SynthetixState": {
				"address": "0xcbcFB6E2d8517DB83BedB30f79D5197607207A2c",
				"status": "current",
				"keccak256": "0x425dc3543ce86f613a6812e717c7d3cb5f5bc71fbc0e53f95c369fff24d1e095"
			},
			"SynthetixDebtShare": {
				"address": "0x671C874C43B571878D6a90C5AA27288096eEac21",
				"status": "current",
				"keccak256": "0xcd6ce44360ada42085ce64977f0bf0e8df4d8d67f7c8c2e68c851bc66fb13569"
			},
			"ProxyFeePool": {
				"address": "0x4FC6f7C8Ff4f0D535315F1E6e84897c89367b47E",
				"status": "current",
				"keccak256": "0x9cd0d0395df499dcf3e2350ef414bd76e2e50c0577b5b16425bc940b388740e6"
			},
			"DelegateApprovalsEternalStorage": {
				"address": "0xbEFd5Fbea0665E94F025d6eC0BdDd6694ce947F4",
				"status": "current",
				"keccak256": "0x83105a5146dabddd69d37dcc5711a2843d7f386da3fd83eef33f7ffb3499e52d"
			},
			"DelegateApprovals": {
				"address": "0xf053f15a780C40A4aBa0E50EB09e3C2dc0Ed4Fae",
				"status": "current",
				"keccak256": "0x96e174d2144e399a32cc96afc4188effb4ccff60301b076ff47b76e2dcc7fa19"
			},
			"Liquidator": {
				"address": "0x280E5dFaA78CE685a846830bAe5F2FD21d6A3D89",
				"status": "replaced",
				"keccak256": "0xa3a41743153253716b71351c31afaf62b73618b17ad371835fb745c358cfc7da",
				"replaced_in": "v2.77.0-alpha"
			},
			"LiquidatorRewards": {
				"address": "0x601A1Cf1a34d9cF0020dCCD361c155Fe54CE24fB",
				"status": "current",
				"keccak256": "0xc2680fbb6e7f60f86c78f7d50a64ef26fd0103b61068e926359a17cfe6f81ff9"
			},
			"FeePoolEternalStorage": {
				"address": "0x5cB8210159f486dFE8Dc779357ee5A15B8f233bC",
				"status": "current",
				"keccak256": "0x533862cbdc91f38f10c4f0aec20323e6b5e0365cb643299cd30975e74cd42172"
			},
			"FeePool": {
				"address": "0x9D9aAf3ED4E4A708834F148f9b9d0d12Ba0a8034",
				"status": "replaced",
				"keccak256": "0x9caf5c8c01154e06ee890ee7fa87f5783aa24ced74e56a7dfc439bf48f611d51",
				"replaced_in": "v2.83.0-alpha"
			},
			"FeePoolState": {
				"address": "0x7F4a3D2d0e45ECD301Be8a181c3911677c353C85",
				"status": "current",
				"keccak256": "0x1a038ca409a4cae2dc3d661bb1b2dc770ebb3d32be4cd585e6d7749b636ab5a8"
			},
			"RewardsDistribution": {
				"address": "0x882eaF70e172b8543145811c5fE169d03740ba9a",
				"status": "current",
				"keccak256": "0xc79e92b862775aca623f79001f3de3f19b910d892ac16293fda30c0b5f0e6dbb"
			},
			"TokenStateSynthetix": {
				"address": "0xe842C91A5D2BCE122d89497f171d81067255Ad0d",
				"status": "current",
				"keccak256": "0xaaf8c22691420fa9324eaefe80d367c9e56ff1c9389a5de25fa72c8fc5785524"
			},
			"ProxySynthetix": {
				"address": "0x51f44ca59b867E005e48FA573Cb8df83FC7f7597",
				"status": "current",
				"keccak256": "0x450f870a93352e0feae6dfb45be1371d9e0dcb42c57b8795f2392ccf7ec6b87a"
			},
			"Synthetix": {
				"address": "0x3bb42074eca321dc3F328A1a6CC7851fBE31459F",
				"status": "replaced",
				"keccak256": "0xf00660ef25f409118798c084d386e09132dd4ea32937ae59f1a820471138a98c",
				"replaced_in": "v2.77.0-alpha"
			},
			"DebtCache": {
				"address": "0xc30BECA82f1f60DC0e4d3490428525985eef4D74",
				"status": "current",
				"keccak256": "0x1b9c04bb4f26508f6bcbcb405a93eefd824ea126927594c2a4d77a151a82fcc3"
			},
			"Exchanger": {
				"address": "0x3Bf72348b92c1d6A794a3De46e93ba8E29e2B9C4",
				"status": "replaced",
				"keccak256": "0x3c88109eea8348df2f2454c8ebb247623da50961ac0c3c8fbd81e3cf28b676f2",
				"replaced_in": "v2.76.0-alpha"
			},
			"ExchangeCircuitBreaker": {
				"address": "0xf1D0Ee19af243bcbC140A2259290B490E4df92A9",
				"status": "current",
				"keccak256": "0x0dcef4c8dd9b612a811101aec0e0832df081b14a2660d6e90e438721111bfba4"
			},
			"VirtualSynthMastercopy": {
				"address": "0x1f6b96d2e7a5D70777D2A9c52215044FB3f40D37",
				"status": "current",
				"keccak256": "0x7d32a75e35aa03cf486657bd948543d76bab6fbec3b6df4d61b35ba660a02648"
			},
			"ExchangeState": {
				"address": "0x4023B3Bf1749725584B0a467406C5bb24DA3AC4e",
				"status": "current",
				"keccak256": "0x8075540266120a2a05c7ba8aee8642b3f188ef69709d8766535280382c64ff26"
			},
			"Issuer": {
				"address": "0x6729c3a22eA0D1735d91cCB661dB48E8dB9b2125",
				"status": "replaced",
				"keccak256": "0x269831f8c2f3fe01a4d4a7a2cdfa2642fa93aa7d024ec05506b19b971a5dff81",
				"replaced_in": "v2.76.0-alpha"
			},
			"TradingRewards": {
				"address": "0x6eab29a0904d0fd964AdE1F6c3ab1584E36602aE",
				"status": "current",
				"keccak256": "0xf86e04577f564cd8f3ece6ed3f28657ba63ce8d0d6857e071bc1822103a377a9"
			},
			"SupplySchedule": {
				"address": "0x3e5baba6b1467e8c93294F7a4cdA8fDA688E9Bf2",
				"status": "current",
				"keccak256": "0x55ec23eabdce0645b6751a489802a52eb7bdcd9ed7762df2f52c68b74dbccb62"
			},
			"EscrowChecker": {
				"address": "0x2743DB52d841Ea617B0528aB0AfeF58d355f0621",
				"status": "current",
				"keccak256": "0x585b5a341bff3143d0959456d5afd8afe063c013e7437ac5a2aa8fb8cad4471d"
			},
			"SynthetixBridgeToOptimism": {
				"address": "0x1427Bc44755d9Aa317535B1feE38922760Aa4e65",
				"status": "current",
				"keccak256": "0xd329450021c27c2d4b152e59f4003ea4ce2cd0f0981f772f6bbe58ed91d687e4"
			},
			"SynthetixBridgeEscrow": {
				"address": "0xD134Db47DDF5A6feB245452af17cCAf92ee53D3c",
				"status": "current",
				"keccak256": "0x3fdbcffed76559710f57c08028253e36676dd2431ebffe71dfdabda5eb4e3640"
			},
			"OwnerRelayOnEthereum": {
				"address": "0xFdB31235cDFe68bfFD1d687AC3A2b31E80eacf0d",
				"status": "current",
				"keccak256": "0xffa34508530b78f03dd912183d726fad1427356f45ea5150f8b885510b8e2dc2"
			},
			"SynthRedeemer": {
				"address": "0x32A0BAA5Acec418a85Fd032f0292893B8E4f743B",
				"status": "current",
				"keccak256": "0x6183c39a5db747b0fbd7f6fb6a91de16fa64637f244497f8ab9b4cb68bb28b58"
			},
			"WrapperFactory": {
				"address": "0xa69768003543eBe5DD91E787278D99FfF9aD6095",
				"status": "current",
				"keccak256": "0x0f35b4d59bcbb3b0e37dd3f4c7fd4a1e747ab05bbd888f51fbf1c7c1f5c91955"
			},
			"TokenStatesUSD": {
				"address": "0x5F0CCaBe97bF838c777F08702E17EC300FF78cD0",
				"status": "current",
				"keccak256": "0xd22abb3b26a3a908924ea980e019c9e61bb2e80be675db7ff683d4f64c1e66f2"
			},
			"ProxysUSD": {
				"address": "0xB1f664162c0269A469a699709D37cc5739379dD1",
				"status": "current",
				"keccak256": "0x450f870a93352e0feae6dfb45be1371d9e0dcb42c57b8795f2392ccf7ec6b87a"
			},
			"SynthsUSD": {
				"address": "0xE73091962DA7e9996Bc7eBA9B4ad27390c8CD7Da",
				"status": "replaced",
				"keccak256": "0xd33c1c29758aa52cb5ee3b53e5bbb08f2183284029411acbe107114050280080",
				"replaced_in": "v2.77.1-alpha"
			},
			"TokenStatesETH": {
				"address": "0x6BB584b67Fc54B4C0449625711A341a767f87B94",
				"status": "current",
				"keccak256": "0xd22abb3b26a3a908924ea980e019c9e61bb2e80be675db7ff683d4f64c1e66f2"
			},
			"ProxysETH": {
				"address": "0x37216d2366B68Bd8bC64Eb01B83EFA765C21b483",
				"status": "current",
				"keccak256": "0x450f870a93352e0feae6dfb45be1371d9e0dcb42c57b8795f2392ccf7ec6b87a"
			},
			"SynthsETH": {
				"address": "0xB7774b79f83191eFF5F159889d1e7A5A242e2244",
				"status": "current",
				"keccak256": "0x548d16dab51321918778c500b04c32240f3d720f19d48533e0db9c2b9b722ebe"
			},
			"Depot": {
				"address": "0x9B79D6dFe4650d70f35dbb80f7d1EC0Cf7f823Fd",
				"status": "current",
				"keccak256": "0x532f46da9667b29230f83b9cd5d13e3b0a31871fc15a900bbec86d9e65d6ec1c"
			},
			"EtherWrapper": {
				"address": "0x4556b9761b2aC071D1665FAe01faA255a53d1307",
				"status": "current",
				"keccak256": "0x735b00be281935cd3033feb98e5bcfa1b48e1cd875aef07ac52292c2b64580e7"
			},
			"NativeEtherWrapper": {
				"address": "0x3b820F825088DB6cD6E118C0c9B39755859932a9",
				"status": "current",
				"keccak256": "0xeea61ae8f28a1dde820319db5eaa9fe113c50c8ac13b55a9ba5dda22750b0e54"
			},
			"CollateralUtil": {
				"address": "0x814AAB41E07D2c3fA53C0c6f3002cD654a4489EE",
				"status": "current",
				"keccak256": "0x8711405f6eb962d12328cc6f1970f8f273672c87540d3eb0bb35c44348f273a5"
			},
			"CollateralManagerState": {
				"address": "0x66f040F0ba81eEe22EcAa8a20219E226be7cCBE3",
				"status": "current",
				"keccak256": "0x210a4faf451d7b80405d09bb8598c161c8462d3a92d8951c302113d85c4cd261"
			},
			"CollateralManager": {
				"address": "0x86bfC5Be44f5DE1673824c0d0d1CCEA1306cD40e",
				"status": "current",
				"keccak256": "0xc89296438ad24ebea46aa5280ae3124eccabb3b24cb72abc2d1453ce133dface"
			},
			"CollateralEth": {
				"address": "0x7D2bEB18a21468808E16fD1fbe9637eFa98D0777",
				"status": "current",
				"keccak256": "0x7c5832dafac85bbe9d925ab5f06caf447af275c328683ee72791e0f09cc02f7a"
			},
			"CollateralErc20": {
				"address": "0x0376Bdaf9C97E2e454C83e728154eC621df23958",
				"status": "current",
				"keccak256": "0xf814d9d47e79cba2dcd4cbab82c02b9b932dfc4b8c09a430012202e5fd64c08b"
			},
			"CollateralShort": {
				"address": "0x6d20C286D94a603A1cdE80D1f8e5f44Bc22550C0",
				"status": "current",
				"keccak256": "0xbb1284a2ba24a77308a7228d538fbaf851bc26561a9e0aff784f9216b8f0a4e9"
			},
			"FuturesMarketManager": {
				"address": "0x55Bc4475e73E32255D3825fbD44cF5467950F33E",
				"status": "replaced",
				"keccak256": "0x70d93adddedc13bddf1a98d5846f06736949d0d26d0547bacc656be9ee829055",
				"replaced_in": "v2.80.0-alpha"
			},
			"SynthUtil": {
				"address": "0x492395BA6866EF703DA49667fF92Cb8551e7a2D1",
				"status": "current",
				"keccak256": "0x3e860c4917122cf1ce46047a3c3839cbe2ef5b3767b2c1ce953f83d71769a981"
			},
			"DappMaintenance": {
				"address": "0xBDe6A172C2a4475C74DA4eAC3950ef2FDAc626Dc",
				"status": "current",
				"keccak256": "0xf9e5dcfe099cb2ff62a5b4caf4b7902a7ef1fc64c325f69423c3dd825ccd8a86"
			},
			"TokenStatesBTC": {
				"address": "0xA8Fd421326586c440b76aC07B6b48fcD11Dc475e",
				"status": "current",
				"keccak256": "0xd22abb3b26a3a908924ea980e019c9e61bb2e80be675db7ff683d4f64c1e66f2"
			},
			"ProxysBTC": {
				"address": "0xf04fD9A2C265E7828832E9EFb01474b686CacD14",
				"status": "current",
				"keccak256": "0x450f870a93352e0feae6dfb45be1371d9e0dcb42c57b8795f2392ccf7ec6b87a"
			},
			"SynthsBTC": {
				"address": "0xD511a29AFF50503cCaF476EF9ebdd18Cbab1422c",
				"status": "current",
				"keccak256": "0x548d16dab51321918778c500b04c32240f3d720f19d48533e0db9c2b9b722ebe"
			}
		}
	},
	"v2.75.0-alpha": {
		"tag": "v2.75.0-alpha",
		"fulltag": "v2.75.0-alpha",
		"release": "Tiaki",
		"network": "goerli",
		"date": "2022-07-27T15:11:04-04:00",
		"commit": "5629f1c183f65a7059db2c169e4308a485d15d5f",
		"contracts": {
			"ExchangeRates": {
				"address": "0xC737F9609bd63658C6854b4c2779b9681931D206",
				"status": "replaced",
				"keccak256": "0xfec05faecf82227e8f3957c8c66047e96c24defa8fd9e92099bd63b7c905828d",
				"replaced_in": "v2.76.0-alpha"
			}
		}
	},
	"v2.76.0-alpha": {
		"tag": "v2.76.0-alpha",
		"fulltag": "v2.76.0-alpha",
		"release": "Muhlifain",
		"network": "goerli",
		"date": "2022-08-10T16:30:16-04:00",
		"commit": "76dae71b79a67f9b96c5c0be859f41ba8afa2dee",
		"contracts": {
			"SystemSettingsLib": {
				"address": "0x4e15Cc3e55835C68F8fbCaD4E6f66F06b68d9577",
				"status": "replaced",
				"keccak256": "0xee6f16368c39b800d17f8c696612c95d7e4ee90e5975f740bf45cef0d580ab2a",
				"replaced_in": "v2.78.0-alpha"
			},
			"SystemSettings": {
				"address": "0xA1B0898C54124E06aEAa823dC46ad0C306Ca6CD5",
				"status": "replaced",
				"keccak256": "0x85b349309b24675bb7fcaa8e18490462af295484b18967330a4fa039bd5732e0",
				"replaced_in": "v2.78.0-alpha"
			},
			"ExchangeRates": {
				"address": "0xea765947303051507033202CAB7D3f5d4961CF5d",
				"status": "replaced",
				"keccak256": "0x5625d1e6a40dc71ebaa3efe42e1e49d7dd1d276b04cea623c294aa51b6c2f167",
				"replaced_in": "v2.78.0-alpha"
			},
			"Exchanger": {
				"address": "0x889d8a97f43809Ef3FBb002B4b7a6A65319B61eD",
				"status": "replaced",
				"keccak256": "0xb0af8af52010eab91eb61e5a55bf179816006ce2de90f790f8d149ab4ae791be",
				"replaced_in": "v2.78.0-alpha"
			},
			"Issuer": {
				"address": "0x43b5d4D0F6fe5024c806C1B783cE3FC59E69964B",
				"status": "replaced",
				"keccak256": "0x22f9559ff51ab99f76eab53c2b1842334692d255b6b2f78ae76b4c689c659bb8",
				"replaced_in": "v2.77.0-alpha"
			},
			"CircuitBreaker": {
				"address": "0x183B4A053CbA70a420E581918008Ef8e65d95E05",
				"status": "current",
				"keccak256": "0x73c5c888b94317948d43dc70a2424ea4963649c19272588fc02135692b7cde30"
			}
		}
	},
	"v2.77.0-alpha": {
		"tag": "v2.77.0-alpha",
		"fulltag": "v2.77.0-alpha",
		"release": "Aspidiske",
		"network": "goerli",
		"date": "2022-08-31T09:17:04-04:00",
		"commit": "abac79bcefeea7c58bfe12d9d6d1636b82cf5498",
		"contracts": {
			"RewardEscrowV2": {
				"address": "0xe7d7943a1d731CcD474B4cD688288F3662F74a19",
				"status": "replaced",
				"keccak256": "0x3d38255a60ff43faeff6ac6a330213f7bdc77882cfc71ce3fa26f6f93418f5cc",
				"replaced_in": "v2.77.1-alpha"
			},
			"Liquidator": {
				"address": "0xF7605Cfe7d98CfC0C89e6b5d122413c24b7C3053",
				"status": "replaced",
				"keccak256": "0x522be958cb83c736035ee47fcc2d933ddda1407bc1ece7f69f2f2d66c2e1d26f",
				"replaced_in": "v2.77.1-alpha"
			},
			"Synthetix": {
				"address": "0x00c045BC54846c4EA0B351bcb95960ef4211fc48",
				"status": "replaced",
				"keccak256": "0x462c9a0f728ba42fb7ed021b70534aab0133730c2d59d0a3d9169af91b8fb977",
				"replaced_in": "v2.77.1-alpha"
			},
			"Issuer": {
				"address": "0x56B8A2B7E2a1429752450434B0Ad43d4bD84C5ed",
				"status": "replaced",
				"keccak256": "0x4fabd6bd1e726688d6105df107bce2de2c5a3c44663a0f2bb22caf48b7791a06",
				"replaced_in": "v2.77.1-alpha"
			},
			"RewardEscrowV2Storage": {
				"address": "0xC916a113291262Fab0ca2694Ddd5C2D40F5495c7",
				"status": "replaced",
				"keccak256": "0x65f2455507f58e94591f9ef492e5f06468afaeb2d9f07933648155b7b68257fb",
				"replaced_in": "v2.77.1-alpha"
			}
		}
	},
	"v2.77.1-alpha": {
		"tag": "v2.77.1-alpha",
		"fulltag": "v2.77.1-alpha",
		"release": "Aspidiske",
		"network": "goerli",
		"date": "2022-10-20T10:36:46-04:00",
		"commit": "733a0de93ea4d4816dddf326143c0d86acb96dca",
		"contracts": {
			"RewardEscrowV2": {
				"address": "0x4300a068B3826aCEFaE7062b411aF467a34Bf3A6",
				"status": "current",
				"keccak256": "0x3d38255a60ff43faeff6ac6a330213f7bdc77882cfc71ce3fa26f6f93418f5cc"
			},
			"Liquidator": {
				"address": "0xac0BE3b71d0bd224FCF83654e5aC2d2c9e2817BC",
				"status": "replaced",
				"keccak256": "0x0bfcbee94000798a285a5654456e71546e6ffffb6ccd7abc8de236a2e958d231",
				"replaced_in": "v2.79.0-alpha"
			},
			"Synthetix": {
				"address": "0x4187a6CecB490F5154c04514410a928191830443",
				"status": "replaced",
				"keccak256": "0xe9be5d93164097c047bf7a1ab9153fc062a40944e005d192b5eb79e91e0c70e3",
				"replaced_in": "v2.79.0-alpha"
			},
			"Issuer": {
				"address": "0xaD2fE7cd224c58871f541DAE01202F93928FEF72",
				"status": "replaced",
				"keccak256": "0x46ee08b601ed69f547ba282d3e6c5a30e5163cd3652d7aa77c45633a7905da6d",
				"replaced_in": "v2.78.0-alpha"
			},
			"SynthsUSD": {
				"address": "0x8f01E7815583C5Be70e4608Fde3DdE7DcC29592f",
				"status": "current",
				"keccak256": "0xf57c8b4b5c7f8534be6c98ca83ddda4d0f10609eb84e5418c886d6dfabea11ba"
			},
			"RewardEscrowV2Storage": {
				"address": "0xC10cd6Cf0F7D12529433110DaF0fC3Dc14669961",
				"status": "current",
				"keccak256": "0x65f2455507f58e94591f9ef492e5f06468afaeb2d9f07933648155b7b68257fb"
			}
		}
	},
	"v2.78.0-alpha": {
		"tag": "v2.78.0-alpha",
		"fulltag": "v2.78.0-alpha",
		"release": "Suhail",
		"network": "goerli",
		"date": "2022-11-03T09:49:41-04:00",
		"commit": "ae588340b5c7ed2e8ad7f0e88c245253e3eb501c",
		"contracts": {
			"SystemSettingsLib": {
				"address": "0x52C339d07e82d49073f6B85AB033599e0eB644f9",
				"status": "current",
				"keccak256": "0xc4e328478f9c625bb34c4f019040afd62b9dfb8f03882727e39888d3173f09a9"
			},
			"SystemSettings": {
				"address": "0x063E110E614474Aa1FFB36936aBED4b1d173e5fc",
				"status": "current",
				"keccak256": "0x6af2cf3e8bef667404d764f991e906eaffedde5921397198a65282aef2e2056c"
			},
			"ExchangeRates": {
				"address": "0xC6fEa2a12a8a9e11232b18DC4d9D525F02180247",
				"status": "current",
				"keccak256": "0xc17e8be92d12f37a29b8b90e3a231594faeeed3cdead4b866179bddbab51e0ea"
			},
			"Exchanger": {
				"address": "0x6Ce575c870ce744e245Ef8400b6d89412C35c328",
				"status": "current",
				"keccak256": "0xa8cd03d45baefb81f69212c46b533854228e298e616bf2d1da8584f60ee5dc00"
			},
			"Issuer": {
				"address": "0x35a3F27736955394ee27Ce5348854670CE8D31DF",
				"status": "replaced",
				"keccak256": "0xfe5fc654ccd66b4bf3baca842a69216b468e96447c2529ba5eabdfb6793b8955",
				"replaced_in": "v2.83.0-alpha"
			},
			"ExchangeSettlementLib": {
				"address": "0xA4D8e25579Fc765fF1963dD37132061599C61689",
				"status": "current",
				"keccak256": "0x9b464e20dadef8a37ddf2ddcc41f4d22d5ba6aab434f244b2c687babcdc03d3e"
			},
			"DirectIntegrationManager": {
				"address": "0x79654872398a5C667455058890B29B081Ed47939",
				"status": "current",
				"keccak256": "0xa461f2178b2a89520febb03b493fbcccc1b7299fade9826090a391186ce0b36d"
			}
		}
	},
	"v2.79.0-alpha": {
		"tag": "v2.79.0-alpha",
		"fulltag": "v2.79.0-alpha",
		"release": "Alphecca",
		"network": "goerli",
		"date": "2022-11-22T17:13:21-05:00",
		"commit": "1eb631c2c842afc501158a09b17e61a47e280a3c",
		"contracts": {
			"Liquidator": {
				"address": "0xc656c18721594f9E98B0C805AB9c21Bda5B44f4C",
				"status": "current",
				"keccak256": "0x04ca15c8a874862ae8997031bbb2330db2fb7ecd489b46b86645f545151ae581"
			},
			"Synthetix": {
				"address": "0xFC0E6442fC16e1caf52baa31f8043D8BE78AEb0D",
				"status": "replaced",
				"keccak256": "0xc85266777bdc8ba5399b1dc679a738f23c44dc60a40be34ba5a4f16450c52394",
				"replaced_in": "v2.84.0-alpha"
			}
		}
	},
	"v2.80.0-alpha": {
		"tag": "v2.80.0-alpha",
		"fulltag": "v2.80.0-alpha",
		"release": "Mintaka",
		"network": "goerli",
		"date": "2022-12-02T15:28:23-05:00",
		"commit": "6571493f7284a9b41740a70a33fe83f77ef23036",
		"contracts": {
			"FuturesMarketManager": {
				"address": "0x2396748C446125754A12f0D167477eC6eB70EA90",
				"status": "replaced",
				"keccak256": "0xcc4662d94ccbfa5d22d42bacdc362b7da22294be65f6b02ea32e350b7c661a51",
				"replaced_in": "v2.80.1-alpha"
			}
		}
	},
	"v2.80.1-alpha": {
		"tag": "v2.80.1-alpha",
		"fulltag": "v2.80.1-alpha",
		"release": "Mintaka",
		"network": "goerli",
		"date": "2022-12-15T15:45:14-05:00",
		"commit": "09dae90318aa19fbe017d4200385b2ef6ccb2803",
		"contracts": {
			"FuturesMarketManager": {
				"address": "0x1F3063a77111a379C61cD9967375d1C9b6eaE5Af",
				"status": "replaced",
				"keccak256": "0xcc4662d94ccbfa5d22d42bacdc362b7da22294be65f6b02ea32e350b7c661a51",
				"replaced_in": "v2.80.2-alpha"
			}
		}
	},
	"v2.80.2-alpha": {
		"tag": "v2.80.2-alpha",
		"fulltag": "v2.80.2-alpha",
		"release": "Mintaka",
		"network": "goerli",
		"date": "2022-12-16T16:42:03+00:00",
		"commit": "622f9fd42028c2e689d820bede471845aa43a47a",
		"contracts": {
			"FuturesMarketManager": {
				"address": "0x6928767b677aBfd34aEF4ac67E9c275125B95907",
				"status": "current",
				"keccak256": "0xcc4662d94ccbfa5d22d42bacdc362b7da22294be65f6b02ea32e350b7c661a51"
			}
		}
	},
	"v2.83.0-alpha": {
		"tag": "v2.83.0-alpha",
		"fulltag": "v2.83.0-alpha",
		"release": "Schedar",
		"network": "goerli",
		"date": "2023-02-10T19:31:29-05:00",
		"commit": "3321a01927659dae47b6728d30e2d1af0369857d",
		"contracts": {
			"FeePool": {
				"address": "0x73d7fC96547eECCb3121dA7c0661554BE3e49236",
				"status": "current",
				"keccak256": "0x98eccd224f7660cfe5f5f6be8e53186b21166b5d2b3c40e7afa136afc0110d13"
			},
			"Issuer": {
				"address": "0xA584bCE07004E17C246a7082aB680616853f3890",
				"status": "replaced",
				"keccak256": "0xddabc4d8c9a7676784dc0e0c7cf12a203c0a5e3814cc21a3854edce5e8e5a456",
				"replaced_in": "v2.84.0-alpha"
			}
		}
	},
	"v2.84.0-alpha": {
		"tag": "v2.84.0-alpha",
		"fulltag": "v2.84.0-alpha",
		"release": "Naos",
		"network": "goerli",
		"date": "2023-03-07T22:29:15-05:00",
		"commit": "9b9606976efe2d8148f99d7892700698cf669f46",
		"contracts": {
			"Synthetix": {
				"address": "0x391683f29453E86ABd9FBA3Ab0a883EF77F5ACbC",
				"status": "replaced",
				"keccak256": "0xfb54a46c4b98896c043ae676b3925f939533f43203c14f2662f7b0e042b0ac55",
				"replaced_in": "v2.84.1-alpha"
			},
			"Issuer": {
				"address": "0x91112d49095Febf1616af25be7f32Cf580DBC7A3",
				"status": "replaced",
				"keccak256": "0x6bad7c208a6d9e921fbe254a7af649062cdd75b9e4adf4518af082123fa0eb0b",
				"replaced_in": "v2.84.1-alpha"
			},
			"DebtMigratorOnEthereum": {
				"address": "0xaD6E947573458E022EcDC48C267Da553c8cce567",
				"status": "replaced",
				"keccak256": "0xfb73b02868dd577a4bd7ca548c0b6ffd5a8d7258cd3088cc1913b99f88ca9d3c",
				"replaced_in": "v2.84.1-alpha"
			}
		}
	},
	"v2.84.1-alpha": {
		"tag": "v2.84.1-alpha",
		"fulltag": "v2.84.1-alpha",
		"release": "Naos",
		"network": "goerli",
		"date": "2023-03-08T23:33:37-05:00",
		"commit": "05d6dab3b74bfb76e3341ffad20ea5f41f0ea914",
		"contracts": {
			"Synthetix": {
				"address": "0x74Cc796Ab9B847574F0d66240810186e4ff0ddA7",
				"status": "current",
				"keccak256": "0xfb54a46c4b98896c043ae676b3925f939533f43203c14f2662f7b0e042b0ac55"
			},
			"Issuer": {
				"address": "0x903c9FA8767F459e077062219E368D992F388d2d",
				"status": "current",
				"keccak256": "0x6bad7c208a6d9e921fbe254a7af649062cdd75b9e4adf4518af082123fa0eb0b"
			},
			"DebtMigratorOnEthereum": {
				"address": "0xDd09918E90eb48F48ca434a6e8EB34141f23be79",
				"status": "replaced",
				"keccak256": "0x85321d79a72bc2f377dbd8e26679af856b6650d31a3c8b7700846f94adb033eb",
				"replaced_in": "v2.84.2-alpha"
			}
		}
	},
	"v2.84.2-alpha": {
		"tag": "v2.84.2-alpha",
		"fulltag": "v2.84.2-alpha",
		"release": "Naos",
		"network": "goerli",
		"date": "2023-03-09T11:54:40-05:00",
		"commit": "78833a544f7410f0435ee85c7ddf51a28b2a90f7",
		"contracts": {
			"DebtMigratorOnEthereum": {
				"address": "0xC816673F1E9B42Af30632Ffbd9F483f29B61b767",
				"status": "current",
				"keccak256": "0xe1a1557914eda0aaa8b2c292cc6cca57cb635a9c7174571c28db61f7c9f1cf57"
			}
		}
	}
}
