{
	"extends": ["solhint:recommended"],
	"plugins": [],
	"rules": {
		"avoid-call-value": "off",
		"compiler-version": ["error", "^0.5.0"],
		"const-name-snakecase": "off",
		"func-order": "off",
		"func-param-name-mixedcase": "off",
		"imports-on-top": "off",
		"mark-callable-contracts": "off",
		"max-line-length": "off",
		"no-empty-blocks": "off",
		"no-inline-assembly": "off",
		"not-rely-on-time": "off",
		"no-unused-vars": "warn",
		"quotes": ["error", "double"],
		"reason-string": "off",
		"var-name-mixedcase": "off",
		"visibility-modifier-order": "off"
	}
}
