{
	"SNX": {
		"asset": "SNX",
		"feed": "0x2FCF37343e916eAEd1f1DdaaF84458a359b53877"
	},
	"ETH": {
		"asset": "ETH",
		"feed": "0x13e3Ee699D1909E989722E753853AE30b17e08c5"
	},
	"BTC": {
		"asset": "BTC",
		"feed": "0xD702DD976Fb76Fffc2D3963D037dfDae5b04E593"
	},
	"LINK": {
		"asset": "LINK",
		"feed": "0xCc232dcFAAE6354cE191Bd574108c1aD03f86450"
	},
	"SOL": {
		"asset": "SOL",
		"feed": "0xC663315f7aF904fbbB0F785c32046dFA03e85270"
	},
	"AVAX": {
		"asset": "AVAX",
		"feed": "0x5087Dc69Fd3907a016BD42B38022F7f024140727"
	},
	"MATIC": {
		"asset": "MATIC",
		"feed": "0x0ded608AFc23724f614B76955bbd9dFe7dDdc828"
	},
	"EUR": {
		"asset": "EUR",
		"feed": "0x3626369857A10CcC6cc3A6e4f5C2f5984a519F20"
	},
	"AAVE": {
		"asset": "AAVE",
		"feed": "0x338ed6787f463394D24813b297401B9F05a8C9d1"
	},
	"UNI": {
		"asset": "UNI",
		"feed": "0x11429eE838cC01071402f21C219870cbAc0a59A0"
	},
	"XAU": {
		"asset": "XAU",
		"feed": "0x8F7bFb42Bf7421c2b34AAD619be4654bFa7B3B8B"
	},
	"XAG": {
		"asset": "XAG",
		"feed": "0x290dd71254874f0d4356443607cb8234958DEe49"
	},
	"INR": {
		"asset": "INR",
		"feed": "0x5535e67d8f99c8ebe961E1Fc1F6DDAE96FEC82C9"
	},
	"APE": {
		"asset": "APE",
		"feed": "0x89178957E9bD07934d7792fFc0CF39f11c8C2B1F"
	},
	"DYDX": {
		"asset": "DYDX",
		"feed": "0xee35A95c9a064491531493D8b380bC40A4CCd0Da"
	},
	"BNB": {
		"asset": "BNB",
		"feed": "0xD38579f7cBD14c22cF1997575eA8eF7bfe62ca2c"
	},
	"OP": {
		"asset": "OP",
		"feed": "0x0D276FC14719f9292D5C1eA2198673d1f4269246"
	},
	"XMR": {
		"asset": "XMR",
		"feed": "0x2a8D91686A048E98e6CCF1A89E82f40D14312672"
	},
	"DOGE": {
		"asset": "DOGE",
		"feed": "0xC6066533917f034Cf610c08e1fe5e9c7eADe0f54"
	},
	"ATOM": {
		"asset": "ATOM",
		"feed": "0xEF89db2eA46B4aD4E333466B6A486b809e613F39"
	},
	"AXS": {
		"asset": "AXS",
		"feed": "0x805a61D54bb686e57F02D1EC96A1491C7aF40893"
	},
	"FLOW": {
		"asset": "FLOW",
		"feed": "0x2fF1EB7D0ceC35959F0248E9354c3248c6683D9b"
	},
	"FTM": {
		"asset": "FTM",
		"feed": "0xc19d58652d6BfC6Db6FB3691eDA6Aa7f3379E4E9"
	},
	"NEAR": {
		"asset": "NEAR",
		"feed": "0xca6fa4b8CB365C02cd3Ba70544EFffe78f63ac82"
	},
	"AUD": {
		"asset": "AUD",
		"feed": "0x39be70E93D2D285C9E71be7f70FC5a45A7777B14"
	},
	"GBP": {
		"asset": "GBP",
		"feed": "0x540D48C01F946e729174517E013Ad0bdaE5F08C0"
	},
	"DebtRatio": {
		"asset": "DebtRatio",
		"feed": "0x9779D71945310E75761240E8b9FD5752C6d63155",
		"note": "A read-proxy with CL feed as target: 0x94A178f2c480D14F8CdDa908D173d7a73F779cb7"
	}
}
