[
	{
		"name": "INITIAL_ISSUANCE",
		"value": "0"
	},
	{
		"name": "WAITING_PERIOD_SECS",
		"value": "0"
	},
	{
		"name": "RATE_STALE_PERIOD",
		"value": "4200"
	},
	{
		"name": "LIQUIDATION_DELAY",
		"value": "43200"
	},
	{
		"name": "LIQUIDATION_RATIO",
		"value": "666666666666666666"
	},
	{
		"name": "FLAG_REWARD",
		"value": "1000000000000000000"
	},
	{
		"name": "LIQUIDATE_REWARD",
		"value": "2000000000000000000"
	},
	{
		"name": "COLLATERAL_MANAGER",
		"value": {
			"SYNTHS": [
				"sUSD",
				"sBTC",
				"sETH",
				"sLINK",
				"sSOL",
				"sAVAX",
				"sMATIC",
				"sEUR"
			],
			"SHORTS": ["sBTC", "sETH", "sLINK", "sSOL", "sAVAX", "sMATIC", "sEUR"],
			"MAX_DEBT": "75000000000000000000000000",
			"MAX_SKEW_RATE": "200000000000000000",
			"BASE_BORROW_RATE": "950662938",
			"BASE_SHORT_RATE": "158443823"
		}
	},
	{
		"name": "COLLATERAL_SHORT",
		"value": {
			"SYNTHS": [
				"sBTC",
				"sETH",
				"sLINK",
				"sSOL",
				"sAVAX",
				"sMATIC",
				"sUNI",
				"sAAVE"
			],
			"MIN_CRATIO": "1200000000000000000",
			"MIN_COLLATERAL": "100000000000000000000",
			"ISSUE_FEE_RATE": "4000000000000000",
			"INTERACTION_DELAY": "0",
			"COLLAPSE_FEE_RATE": "0"
		}
	},
	{
		"name": "COLLATERAL_ETH",
		"value": {
			"SYNTHS": ["sUSD", "sETH"],
			"ISSUE_FEE_RATE": "0"
		}
	},
	{
		"name": "FUTURES_MIN_KEEPER_FEE",
		"value": "2000000000000000000"
	}
]
