[
	{
		"marketKey": "sETHPERP",
		"asset": "sETH",
		"makerFee": "0.0075",
		"takerFee": "0.0075",
		"overrideCommitFee": "0",
		"takerFeeDelayedOrder": "0.0015",
		"makerFeeDelayedOrder": "0.0015",
		"takerFeeOffchainDelayedOrder": "0.001",
		"makerFeeOffchainDelayedOrder": "0.0005",
		"nextPriceConfirmWindow": "2",
		"delayedOrderConfirmWindow": "120",
		"minDelayTimeDelta": "60",
		"maxDelayTimeDelta": "6000",
		"offchainDelayedOrderMinAge": "15",
		"offchainDelayedOrderMaxAge": "120",
		"maxLeverage": "100",
		"maxMarketValue": "10000",
		"maxFundingVelocity": "3",
		"skewScale": "1000000",
		"offchainPriceDivergence": "0.02",
		"liquidationPremiumMultiplier": "1",
		"offchainMarketKey": "ocETHPERP",
		"paused": false,
		"offchainPaused": false
	},
	{
		"marketKey": "sBTCPERP",
		"asset": "sBTC",
		"makerFee": "0.0075",
		"takerFee": "0.0075",
		"overrideCommitFee": "0.0",
		"takerFeeDelayedOrder": "0.0015",
		"makerFeeDelayedOrder": "0.0015",
		"takerFeeOffchainDelayedOrder": "0.001",
		"makerFeeOffchainDelayedOrder": "0.0005",
		"nextPriceConfirmWindow": "2",
		"delayedOrderConfirmWindow": "120",
		"minDelayTimeDelta": "60",
		"maxDelayTimeDelta": "6000",
		"offchainDelayedOrderMinAge": "15",
		"offchainDelayedOrderMaxAge": "120",
		"maxLeverage": "100",
		"maxMarketValue": "1000",
		"maxFundingVelocity": "3",
		"skewScale": "100000",
		"offchainPriceDivergence": "0.02",
		"liquidationPremiumMultiplier": "1",
		"offchainMarketKey": "ocBTCPERP",
		"paused": false,
		"offchainPaused": false
	},
	{
		"marketKey": "sLINKPERP",
		"asset": "LINK",
		"makerFee": "0.01",
		"takerFee": "0.01",
		"overrideCommitFee": "0.0",
		"takerFeeDelayedOrder": "0.002",
		"makerFeeDelayedOrder": "0.002",
		"takerFeeOffchainDelayedOrder": "0.0012",
		"makerFeeOffchainDelayedOrder": "0.0008",
		"nextPriceConfirmWindow": "2",
		"delayedOrderConfirmWindow": "120",
		"minDelayTimeDelta": "60",
		"maxDelayTimeDelta": "6000",
		"offchainDelayedOrderMinAge": "15",
		"offchainDelayedOrderMaxAge": "120",
		"maxLeverage": "100",
		"maxMarketValue": "200000",
		"maxFundingVelocity": "3",
		"skewScale": "20000000",
		"offchainPriceDivergence": "0.02",
		"liquidationPremiumMultiplier": "1",
		"offchainMarketKey": "ocLINKPERP",
		"paused": false,
		"offchainPaused": false
	},
	{
		"marketKey": "sSOLPERP",
		"asset": "SOL",
		"makerFee": "0.01",
		"takerFee": "0.01",
		"overrideCommitFee": "0.0",
		"takerFeeDelayedOrder": "0.002",
		"makerFeeDelayedOrder": "0.002",
		"takerFeeOffchainDelayedOrder": "0.0012",
		"makerFeeOffchainDelayedOrder": "0.0008",
		"nextPriceConfirmWindow": "2",
		"delayedOrderConfirmWindow": "120",
		"minDelayTimeDelta": "60",
		"maxDelayTimeDelta": "6000",
		"offchainDelayedOrderMinAge": "15",
		"offchainDelayedOrderMaxAge": "120",
		"maxLeverage": "100",
		"maxMarketValue": "100000",
		"maxFundingVelocity": "3",
		"skewScale": "10000000",
		"offchainPriceDivergence": "0.02",
		"liquidationPremiumMultiplier": "1",
		"offchainMarketKey": "ocSOLPERP",
		"paused": false,
		"offchainPaused": false
	},
	{
		"marketKey": "sAVAXPERP",
		"asset": "AVAX",
		"makerFee": "0.01",
		"takerFee": "0.01",
		"overrideCommitFee": "0.0",
		"takerFeeDelayedOrder": "0.002",
		"makerFeeDelayedOrder": "0.002",
		"takerFeeOffchainDelayedOrder": "0.0012",
		"makerFeeOffchainDelayedOrder": "0.0008",
		"nextPriceConfirmWindow": "2",
		"delayedOrderConfirmWindow": "120",
		"minDelayTimeDelta": "60",
		"maxDelayTimeDelta": "6000",
		"offchainDelayedOrderMinAge": "15",
		"offchainDelayedOrderMaxAge": "120",
		"maxLeverage": "100",
		"maxMarketValue": "80000",
		"maxFundingVelocity": "3",
		"skewScale": "8000000",
		"offchainPriceDivergence": "0.02",
		"liquidationPremiumMultiplier": "1",
		"offchainMarketKey": "ocAVAXPERP",
		"paused": false,
		"offchainPaused": false
	},
	{
		"marketKey": "sAAVEPERP",
		"asset": "AAVE",
		"makerFee": "0.01",
		"takerFee": "0.01",
		"overrideCommitFee": "0.0",
		"takerFeeDelayedOrder": "0.002",
		"makerFeeDelayedOrder": "0.002",
		"takerFeeOffchainDelayedOrder": "0.0012",
		"makerFeeOffchainDelayedOrder": "0.0008",
		"nextPriceConfirmWindow": "2",
		"delayedOrderConfirmWindow": "120",
		"minDelayTimeDelta": "60",
		"maxDelayTimeDelta": "6000",
		"offchainDelayedOrderMinAge": "15",
		"offchainDelayedOrderMaxAge": "120",
		"maxLeverage": "100",
		"maxMarketValue": "3000",
		"maxFundingVelocity": "3",
		"skewScale": "300000",
		"offchainPriceDivergence": "0.02",
		"liquidationPremiumMultiplier": "1",
		"offchainMarketKey": "ocAAVEPERP",
		"paused": false,
		"offchainPaused": false
	},
	{
		"marketKey": "sUNIPERP",
		"asset": "UNI",
		"makerFee": "0.01",
		"takerFee": "0.01",
		"overrideCommitFee": "0.0",
		"takerFeeDelayedOrder": "0.002",
		"makerFeeDelayedOrder": "0.002",
		"takerFeeOffchainDelayedOrder": "0.0012",
		"makerFeeOffchainDelayedOrder": "0.0008",
		"nextPriceConfirmWindow": "2",
		"delayedOrderConfirmWindow": "120",
		"minDelayTimeDelta": "60",
		"maxDelayTimeDelta": "6000",
		"offchainDelayedOrderMinAge": "15",
		"offchainDelayedOrderMaxAge": "120",
		"maxLeverage": "100",
		"maxMarketValue": "40000",
		"maxFundingVelocity": "3",
		"skewScale": "4000000",
		"offchainPriceDivergence": "0.02",
		"liquidationPremiumMultiplier": "1",
		"offchainMarketKey": "ocUNIPERP",
		"paused": false,
		"offchainPaused": false
	},
	{
		"marketKey": "sMATICPERP",
		"asset": "MATIC",
		"makerFee": "0.01",
		"takerFee": "0.01",
		"overrideCommitFee": "0.0",
		"takerFeeDelayedOrder": "0.002",
		"makerFeeDelayedOrder": "0.002",
		"takerFeeOffchainDelayedOrder": "0.0012",
		"makerFeeOffchainDelayedOrder": "0.0008",
		"nextPriceConfirmWindow": "2",
		"delayedOrderConfirmWindow": "120",
		"minDelayTimeDelta": "60",
		"maxDelayTimeDelta": "6000",
		"offchainDelayedOrderMinAge": "15",
		"offchainDelayedOrderMaxAge": "120",
		"maxLeverage": "100",
		"maxMarketValue": "1250000",
		"maxFundingVelocity": "3",
		"skewScale": "125000000",
		"offchainPriceDivergence": "0.02",
		"liquidationPremiumMultiplier": "1",
		"offchainMarketKey": "ocMATICPERP",
		"paused": false,
		"offchainPaused": false
	},
	{
		"marketKey": "sAPEPERP",
		"asset": "APE",
		"makerFee": "0.01",
		"takerFee": "0.01",
		"overrideCommitFee": "0.0",
		"takerFeeDelayedOrder": "0.002",
		"makerFeeDelayedOrder": "0.002",
		"takerFeeOffchainDelayedOrder": "0.0012",
		"makerFeeOffchainDelayedOrder": "0.0008",
		"nextPriceConfirmWindow": "2",
		"delayedOrderConfirmWindow": "120",
		"minDelayTimeDelta": "60",
		"maxDelayTimeDelta": "6000",
		"offchainDelayedOrderMinAge": "15",
		"offchainDelayedOrderMaxAge": "120",
		"maxLeverage": "100",
		"maxMarketValue": "150000",
		"maxFundingVelocity": "3",
		"skewScale": "15000000",
		"offchainPriceDivergence": "0.02",
		"liquidationPremiumMultiplier": "1",
		"offchainMarketKey": "ocAPEPERP",
		"paused": false,
		"offchainPaused": false
	},
	{
		"marketKey": "sDYDXPERP",
		"asset": "DYDX",
		"makerFee": "0.01",
		"takerFee": "0.01",
		"overrideCommitFee": "0.0",
		"takerFeeDelayedOrder": "0.002",
		"makerFeeDelayedOrder": "0.002",
		"takerFeeOffchainDelayedOrder": "0.0015",
		"makerFeeOffchainDelayedOrder": "0.001",
		"nextPriceConfirmWindow": "2",
		"delayedOrderConfirmWindow": "120",
		"minDelayTimeDelta": "60",
		"maxDelayTimeDelta": "6000",
		"offchainDelayedOrderMinAge": "15",
		"offchainDelayedOrderMaxAge": "120",
		"maxLeverage": "100",
		"maxMarketValue": "100000",
		"maxFundingVelocity": "3",
		"skewScale": "10000000",
		"offchainPriceDivergence": "0.02",
		"liquidationPremiumMultiplier": "1",
		"offchainMarketKey": "ocDYDXPERP",
		"paused": false,
		"offchainPaused": false
	},
	{
		"marketKey": "sBNBPERP",
		"asset": "BNB",
		"makerFee": "0.01",
		"takerFee": "0.01",
		"overrideCommitFee": "0.0",
		"takerFeeDelayedOrder": "0.002",
		"makerFeeDelayedOrder": "0.002",
		"takerFeeOffchainDelayedOrder": "0.0012",
		"makerFeeOffchainDelayedOrder": "0.0008",
		"nextPriceConfirmWindow": "2",
		"delayedOrderConfirmWindow": "120",
		"minDelayTimeDelta": "60",
		"maxDelayTimeDelta": "6000",
		"offchainDelayedOrderMinAge": "15",
		"offchainDelayedOrderMaxAge": "120",
		"maxLeverage": "100",
		"maxMarketValue": "7500",
		"maxFundingVelocity": "3",
		"skewScale": "750000",
		"offchainPriceDivergence": "0.02",
		"liquidationPremiumMultiplier": "1",
		"offchainMarketKey": "ocBNBPERP",
		"paused": false,
		"offchainPaused": false
	},
	{
		"marketKey": "sOPPERP",
		"asset": "OP",
		"makerFee": "0.01",
		"takerFee": "0.01",
		"overrideCommitFee": "0.0",
		"takerFeeDelayedOrder": "0.002",
		"makerFeeDelayedOrder": "0.002",
		"takerFeeOffchainDelayedOrder": "0.0015",
		"makerFeeOffchainDelayedOrder": "0.001",
		"nextPriceConfirmWindow": "2",
		"delayedOrderConfirmWindow": "120",
		"minDelayTimeDelta": "60",
		"maxDelayTimeDelta": "6000",
		"offchainDelayedOrderMinAge": "15",
		"offchainDelayedOrderMaxAge": "120",
		"maxLeverage": "100",
		"maxMarketValue": "300000",
		"maxFundingVelocity": "3",
		"skewScale": "30000000",
		"offchainPriceDivergence": "0.02",
		"liquidationPremiumMultiplier": "1",
		"offchainMarketKey": "ocOPPERP",
		"paused": false,
		"offchainPaused": false
	},
	{
		"marketKey": "sDOGEPERP",
		"asset": "DOGE",
		"makerFee": "0.01",
		"takerFee": "0.01",
		"overrideCommitFee": "0.0",
		"takerFeeDelayedOrder": "0.002",
		"makerFeeDelayedOrder": "0.002",
		"takerFeeOffchainDelayedOrder": "0.0015",
		"makerFeeOffchainDelayedOrder": "0.001",
		"nextPriceConfirmWindow": "2",
		"delayedOrderConfirmWindow": "120",
		"minDelayTimeDelta": "60",
		"maxDelayTimeDelta": "6000",
		"offchainDelayedOrderMinAge": "15",
		"offchainDelayedOrderMaxAge": "120",
		"maxLeverage": "100",
		"maxMarketValue": "5000000",
		"maxFundingVelocity": "3",
		"skewScale": "500000000",
		"offchainPriceDivergence": "0.02",
		"liquidationPremiumMultiplier": "1",
		"offchainMarketKey": "ocDOGEPERP",
		"paused": false,
		"offchainPaused": false
	},
	{
		"marketKey": "sXAUPERP",
		"asset": "XAU",
		"makerFee": "0.005",
		"takerFee": "0.005",
		"overrideCommitFee": "0.0",
		"takerFeeDelayedOrder": "0.002",
		"makerFeeDelayedOrder": "0.002",
		"takerFeeOffchainDelayedOrder": "0.0002",
		"makerFeeOffchainDelayedOrder": "0.0001",
		"nextPriceConfirmWindow": "2",
		"delayedOrderConfirmWindow": "120",
		"minDelayTimeDelta": "60",
		"maxDelayTimeDelta": "6000",
		"offchainDelayedOrderMinAge": "15",
		"offchainDelayedOrderMaxAge": "120",
		"maxLeverage": "100",
		"maxMarketValue": "1000",
		"maxFundingVelocity": "3",
		"skewScale": "5000000",
		"offchainPriceDivergence": "0.02",
		"liquidationPremiumMultiplier": "1",
		"offchainMarketKey": "ocXAUPERP",
		"paused": false,
		"offchainPaused": false
	},
	{
		"marketKey": "sXAGPERP",
		"asset": "XAG",
		"makerFee": "0.005",
		"takerFee": "0.005",
		"overrideCommitFee": "0.0",
		"takerFeeDelayedOrder": "0.002",
		"makerFeeDelayedOrder": "0.002",
		"takerFeeOffchainDelayedOrder": "0.0002",
		"makerFeeOffchainDelayedOrder": "0.0001",
		"nextPriceConfirmWindow": "2",
		"delayedOrderConfirmWindow": "120",
		"minDelayTimeDelta": "60",
		"maxDelayTimeDelta": "6000",
		"offchainDelayedOrderMinAge": "15",
		"offchainDelayedOrderMaxAge": "120",
		"maxLeverage": "100",
		"maxMarketValue": "95000",
		"maxFundingVelocity": "3",
		"skewScale": "500000000",
		"offchainPriceDivergence": "0.02",
		"liquidationPremiumMultiplier": "1",
		"offchainMarketKey": "ocXAGPERP",
		"paused": false,
		"offchainPaused": false
	},
	{
		"marketKey": "sEURPERP",
		"asset": "EUR",
		"makerFee": "0.005",
		"takerFee": "0.005",
		"overrideCommitFee": "0.0",
		"takerFeeDelayedOrder": "0.002",
		"makerFeeDelayedOrder": "0.002",
		"takerFeeOffchainDelayedOrder": "0.0002",
		"makerFeeOffchainDelayedOrder": "0.0001",
		"nextPriceConfirmWindow": "2",
		"delayedOrderConfirmWindow": "120",
		"minDelayTimeDelta": "60",
		"maxDelayTimeDelta": "6000",
		"offchainDelayedOrderMinAge": "15",
		"offchainDelayedOrderMaxAge": "120",
		"maxLeverage": "100",
		"maxMarketValue": "2000000",
		"maxFundingVelocity": "3",
		"skewScale": "10000000000",
		"offchainPriceDivergence": "0.02",
		"liquidationPremiumMultiplier": "1",
		"offchainMarketKey": "ocEURPERP",
		"paused": false,
		"offchainPaused": false
	},
	{
		"marketKey": "sATOMPERP",
		"asset": "ATOM",
		"makerFee": "0.01",
		"takerFee": "0.01",
		"overrideCommitFee": "0.0",
		"takerFeeDelayedOrder": "0.005",
		"makerFeeDelayedOrder": "0.005",
		"takerFeeOffchainDelayedOrder": "0.0012",
		"makerFeeOffchainDelayedOrder": "0.0008",
		"nextPriceConfirmWindow": "2",
		"delayedOrderConfirmWindow": "120",
		"minDelayTimeDelta": "60",
		"maxDelayTimeDelta": "6000",
		"offchainDelayedOrderMinAge": "15",
		"offchainDelayedOrderMaxAge": "120",
		"maxLeverage": "100",
		"maxMarketValue": "75000",
		"maxFundingVelocity": "3",
		"skewScale": "7500000",
		"offchainPriceDivergence": "0.02",
		"liquidationPremiumMultiplier": "1",
		"offchainMarketKey": "ocATOMPERP",
		"paused": false,
		"offchainPaused": false
	},
	{
		"marketKey": "sAXSPERP",
		"asset": "AXS",
		"makerFee": "0.01",
		"takerFee": "0.01",
		"overrideCommitFee": "0.0",
		"takerFeeDelayedOrder": "0.005",
		"makerFeeDelayedOrder": "0.005",
		"takerFeeOffchainDelayedOrder": "0.0015",
		"makerFeeOffchainDelayedOrder": "0.001",
		"nextPriceConfirmWindow": "2",
		"delayedOrderConfirmWindow": "120",
		"minDelayTimeDelta": "60",
		"maxDelayTimeDelta": "6000",
		"offchainDelayedOrderMinAge": "15",
		"offchainDelayedOrderMaxAge": "120",
		"maxLeverage": "100",
		"maxMarketValue": "50000",
		"maxFundingVelocity": "3",
		"skewScale": "5000000",
		"offchainPriceDivergence": "0.02",
		"liquidationPremiumMultiplier": "1",
		"offchainMarketKey": "ocAXSPERP",
		"paused": false,
		"offchainPaused": false
	},
	{
		"marketKey": "sFLOWPERP",
		"asset": "FLOW",
		"makerFee": "0.01",
		"takerFee": "0.01",
		"overrideCommitFee": "0.0",
		"takerFeeDelayedOrder": "0.005",
		"makerFeeDelayedOrder": "0.005",
		"takerFeeOffchainDelayedOrder": "0.0012",
		"makerFeeOffchainDelayedOrder": "0.0008",
		"nextPriceConfirmWindow": "2",
		"delayedOrderConfirmWindow": "120",
		"minDelayTimeDelta": "60",
		"maxDelayTimeDelta": "6000",
		"offchainDelayedOrderMinAge": "15",
		"offchainDelayedOrderMaxAge": "120",
		"maxLeverage": "100",
		"maxMarketValue": "50000",
		"maxFundingVelocity": "3",
		"skewScale": "5000000",
		"offchainPriceDivergence": "0.02",
		"liquidationPremiumMultiplier": "1",
		"offchainMarketKey": "ocFLOWPERP",
		"paused": false,
		"offchainPaused": false
	},
	{
		"marketKey": "sFTMPERP",
		"asset": "FTM",
		"makerFee": "0.01",
		"takerFee": "0.01",
		"overrideCommitFee": "0.0",
		"takerFeeDelayedOrder": "0.005",
		"makerFeeDelayedOrder": "0.005",
		"takerFeeOffchainDelayedOrder": "0.0015",
		"makerFeeOffchainDelayedOrder": "0.001",
		"nextPriceConfirmWindow": "2",
		"delayedOrderConfirmWindow": "120",
		"minDelayTimeDelta": "60",
		"maxDelayTimeDelta": "6000",
		"offchainDelayedOrderMinAge": "15",
		"offchainDelayedOrderMaxAge": "120",
		"maxLeverage": "100",
		"maxMarketValue": "1500000",
		"maxFundingVelocity": "3",
		"skewScale": "150000000",
		"offchainPriceDivergence": "0.02",
		"liquidationPremiumMultiplier": "1",
		"offchainMarketKey": "ocFTMPERP",
		"paused": false,
		"offchainPaused": false
	},
	{
		"marketKey": "sNEARPERP",
		"asset": "NEAR",
		"makerFee": "0.01",
		"takerFee": "0.01",
		"overrideCommitFee": "0.0",
		"takerFeeDelayedOrder": "0.005",
		"makerFeeDelayedOrder": "0.005",
		"takerFeeOffchainDelayedOrder": "0.0015",
		"makerFeeOffchainDelayedOrder": "0.001",
		"nextPriceConfirmWindow": "2",
		"delayedOrderConfirmWindow": "120",
		"minDelayTimeDelta": "60",
		"maxDelayTimeDelta": "6000",
		"offchainDelayedOrderMinAge": "15",
		"offchainDelayedOrderMaxAge": "120",
		"maxLeverage": "100",
		"maxMarketValue": "250000",
		"maxFundingVelocity": "3",
		"skewScale": "25000000",
		"offchainPriceDivergence": "0.02",
		"liquidationPremiumMultiplier": "1",
		"offchainMarketKey": "ocNEARPERP",
		"paused": false,
		"offchainPaused": false
	},
	{
		"marketKey": "sAUDPERP",
		"asset": "AUD",
		"makerFee": "0.005",
		"takerFee": "0.005",
		"overrideCommitFee": "0.0",
		"takerFeeDelayedOrder": "0.002",
		"makerFeeDelayedOrder": "0.002",
		"takerFeeOffchainDelayedOrder": "0.0002",
		"makerFeeOffchainDelayedOrder": "0.0001",
		"nextPriceConfirmWindow": "2",
		"delayedOrderConfirmWindow": "120",
		"minDelayTimeDelta": "60",
		"maxDelayTimeDelta": "6000",
		"offchainDelayedOrderMinAge": "15",
		"offchainDelayedOrderMaxAge": "120",
		"maxLeverage": "100",
		"maxMarketValue": "3000000",
		"maxFundingVelocity": "3",
		"skewScale": "25000000000",
		"offchainPriceDivergence": "0.02",
		"liquidationPremiumMultiplier": "1",
		"offchainMarketKey": "ocAUDPERP",
		"paused": false,
		"offchainPaused": false
	},
	{
		"marketKey": "sGBPPERP",
		"asset": "GBP",
		"makerFee": "0.005",
		"takerFee": "0.005",
		"overrideCommitFee": "0.0",
		"takerFeeDelayedOrder": "0.002",
		"makerFeeDelayedOrder": "0.002",
		"takerFeeOffchainDelayedOrder": "0.0002",
		"makerFeeOffchainDelayedOrder": "0.0001",
		"nextPriceConfirmWindow": "2",
		"delayedOrderConfirmWindow": "120",
		"minDelayTimeDelta": "60",
		"maxDelayTimeDelta": "6000",
		"offchainDelayedOrderMinAge": "15",
		"offchainDelayedOrderMaxAge": "120",
		"maxLeverage": "100",
		"maxMarketValue": "1600000",
		"maxFundingVelocity": "3",
		"skewScale": "10000000000",
		"offchainPriceDivergence": "0.02",
		"liquidationPremiumMultiplier": "1",
		"offchainMarketKey": "ocGBPPERP",
		"paused": false,
		"offchainPaused": false
	}
]
