{
	"v2.36.1": {
		"tag": "v2.36.1",
		"fulltag": "v2.36.1",
		"release": "Castor OVM",
		"network": "mainnet",
		"date": "2021-01-15T03:25:35-03:00",
		"commit": "098ea1bccf8dda17ee4a6f249747fcbd66557d91",
		"contracts": {
			"SafeDecimalMath": {
				"address": "0x0142F40c25CE1F1177Ed131101FA19217396cB88",
				"status": "current",
				"keccak256": "0x8406c1c67896f334676cfedd96a31eb55c23f1e9d4153de30bfc5eddfa22c0b5"
			},
			"Math": {
				"address": "0x0B3A73EE0740b3130e40B2A6b5aaf59E7E3Ef74c",
				"status": "current",
				"keccak256": "0xc39ebf28d65885b91f0900eea387e002381d098c5ed65d4b3eb57b2413edec03"
			},
			"AddressResolver": {
				"address": "0x95A6a3f44a70172E7d50a9e28c85Dfd712756B8C",
				"status": "current",
				"keccak256": "0xccde4273f5b8b687e3af99e7a3b58a2cf73611a3a8c76e5e283ea5277cb16d72"
			},
			"ReadProxyAddressResolver": {
				"address": "0x1Cb059b7e74fD21665968C908806143E744D5F30",
				"status": "current",
				"keccak256": "0x0f47492c2ef0af7c5585141508c53024190f06b5c526430caca1cc91fac188a5"
			},
			"FlexibleStorage": {
				"address": "0x47649022380d182DA8010Ae5d257fea4227b21ff",
				"status": "current",
				"keccak256": "0x6474f6904b55beaa3d9c95c45008a32bbf6cd100102250d36848e9e4b687fda2"
			},
			"SystemSettings": {
				"address": "0x8454190C164e52664Af2c9C24ab58c4e14D6bbE4",
				"status": "replaced",
				"keccak256": "0x8f9dd57d480d9ffe5ed1e2501055b47affe94d8dcf63ee7c3b889311d0962330",
				"replaced_in": "v2.47.0-ovm"
			},
			"SystemStatus": {
				"address": "0x357b58E0b1Be9d8A944380048fa1080c57c7A362",
				"status": "replaced",
				"keccak256": "0x94b17494be222b5df0cef22c420721687050a97d47778839d6070fe070a9d284",
				"replaced_in": "v2.44.0"
			},
			"ExchangeRates": {
				"address": "0x631E93A0fb06B5eC6d52c0A2D89a3f9672d6Ba64",
				"status": "replaced",
				"keccak256": "0x6a83fc61a31f9dc2b424249e5cc7dfe2cc15907f8f8e6ed2bb17095028918cde",
				"replaced_in": "v2.58.0"
			},
			"RewardEscrow": {
				"address": "0xd32138018210edA0028240638f35b70ECC0D8C22",
				"status": "deleted",
				"keccak256": "0x0a23762f25143cc09e9e45c41872fbaaf6c35ff873a3cc969674c6d5be3c1d60"
			},
			"RewardEscrowV2": {
				"address": "0x47eE58801C1AC44e54FF2651aE50525c5cfc66d0",
				"status": "replaced",
				"keccak256": "0xc7fd10475f0dc7c21a2edb94bda7c05a2e349599070ee9fd232372027784521e",
				"replaced_in": "v2.77.2"
			},
			"SynthetixEscrow": {
				"address": "0x06C6D063896ac733673c4474E44d9268f2402A55",
				"status": "current",
				"keccak256": "0xb41b55b1a9b5e3e2da1451655d85d72eaaa932bd1a7cd0865807cf834707c5df"
			},
			"SynthetixState": {
				"address": "0x71D838995f8A97f636CbfdCd8dE94b30d2Bd4760",
				"status": "replaced",
				"keccak256": "0xe55944d38fb7a248fe0e1e4b40991de57fcc88895f12c6505a42bb48523cee69",
				"replaced_in": "v2.37.0"
			},
			"ProxyFeePool": {
				"address": "0x4a16A42407AA491564643E1dfc1fd50af29794eF",
				"status": "current",
				"keccak256": "0x1e84bdcd34ca237a148738ea651c354fc7a63049db067eee4af5b74261ac052b"
			},
			"DelegateApprovalsEternalStorage": {
				"address": "0x02f7fB66B55e6ca476d126d96f14c5732Eeb4363",
				"status": "current",
				"keccak256": "0xdb65ca6894b3cbbd87e36f87e03a3725a1990dc2d00c2757f9e9fbfdf1a27058"
			},
			"DelegateApprovals": {
				"address": "0x2A23bc0EA97A89abD91214E8e4d20F02Fe14743f",
				"status": "current",
				"keccak256": "0x4015209604a1b347993c1d53355ffac2cd1dc1e1e3050fee47999ab4bce3d493"
			},
			"Liquidations": {
				"address": "0x14E6f8e6Da00a32C069b11b64e48EA1FEF2361D4",
				"status": "deleted",
				"keccak256": "0x571a2669ec42d397d69e7b03e4e9945065db3777fc70c09a0409e1e8c09e5223"
			},
			"EternalStorageLiquidations": {
				"address": "0x76d2de36936005A0182a1BB61dA501A8A044D477",
				"status": "deleted",
				"keccak256": "0xdb65ca6894b3cbbd87e36f87e03a3725a1990dc2d00c2757f9e9fbfdf1a27058"
			},
			"FeePoolEternalStorage": {
				"address": "0x41140Bf6498a36f2E44eFd49f21dAe3bbb7367c8",
				"status": "current",
				"keccak256": "0x654df14e43b71aa1dd6bbe09432249cd3f865870c20b5500129e00413ddb7c10"
			},
			"FeePool": {
				"address": "0x608457BC647e6f8f76eAD8b99d343D367e0f4D62",
				"status": "replaced",
				"keccak256": "0xf90645ee31653436f05b2ddec17be15e1fa5e66d926e33966d80b1440c8aed89",
				"replaced_in": "v2.37.0"
			},
			"FeePoolState": {
				"address": "0xd12A749E2FF15E66e095D0BfD3CE680756F36379",
				"status": "replaced",
				"keccak256": "0x7c479caa07a2d059cf7fd0c44c6179ccf36828e575289181ba98e502fcc958a8",
				"replaced_in": "v2.37.0"
			},
			"RewardsDistribution": {
				"address": "0x5d9187630E99dBce4BcAB8733B76757f7F44aA2e",
				"status": "current",
				"keccak256": "0xddb8a08388d2e829d50ed8659505e5f5285ccc4ef2849b13fd8621e318c55132"
			},
			"ProxyERC20": {
				"address": "0x8700dAec35aF8Ff88c16BdF0418774CB3D7599B4",
				"status": "current",
				"keccak256": "0x067912d947f7e44dc3cc78c50cba795498728b2e8c213acc9a80f317df773762"
			},
			"TokenStateSynthetix": {
				"address": "0xB9c6CA25452E7f6D0D3340CE1e9B573421afc2eE",
				"status": "current",
				"keccak256": "0xe9a73f8ee5731dad3d6edc8ba982fbde4f3b6185636701fdc0928ee0fec4ee49"
			},
			"Synthetix": {
				"address": "0xD85eAFa37734E4ad237C3A3443D64DC94ae998E7",
				"status": "replaced",
				"keccak256": "0x208b424ba009c008bf88f72a2093532eedd7d7b762b8fd6992b0df03140efad8",
				"replaced_in": "v2.44.0"
			},
			"ProxySynthetix": {
				"address": "0x218067172e9E0460A883458D44BD1f56ea609502",
				"status": "current",
				"keccak256": "0x1e84bdcd34ca237a148738ea651c354fc7a63049db067eee4af5b74261ac052b"
			},
			"DebtCache": {
				"address": "0x5A528e35165e19f3392c9631243dd04d1229D324",
				"status": "replaced",
				"keccak256": "0x454e9ea380368ea2274863d885f08745fd34e6ea2cfbb8217e1d891583172e23",
				"replaced_in": "v2.44.0"
			},
			"Exchanger": {
				"address": "0xe318E4618E5684668992935d7231Cb837a44E670",
				"status": "replaced",
				"keccak256": "0x56df5e59b420795ddc4d5e323bd353a7dbd5a998049f03df65c57785e04813ef",
				"replaced_in": "v2.44.0"
			},
			"ExchangeState": {
				"address": "0x7EF87c14f50CFFe2e73d2C87916C3128c56593A8",
				"status": "current",
				"keccak256": "0xb45293ceab8871f61c1a0ca446cedfac191c87b106ac1a7feef1a3ffe5fc2679"
			},
			"Issuer": {
				"address": "0x8377b25B8564f6Be579865639776c5082CB37163",
				"status": "replaced",
				"keccak256": "0x99427c7a4a9d24d9ba70b50c0673d2332583cb284a42a9ada75a2ac3ddf9a27f",
				"replaced_in": "v2.50.4-ovm"
			},
			"TradingRewards": {
				"address": "0x2DcAD1A019fba8301b77810Ae14007cc88ED004B",
				"status": "current",
				"keccak256": "0x3fbe8cf371e950c955a31dae617ca17fbeffc29d6c18039a533ad3325e9e42b2"
			},
			"EscrowChecker": {
				"address": "0xcdb7D0a946223255d39A6e29B54f08f3291cc118",
				"status": "current",
				"keccak256": "0x0f4ba7bb7e5e1693c90c7133fd0e50e9a2e1e09d8b73dbbf639e36643ac2c66e"
			},
			"TokenStatesUSD": {
				"address": "0x92bAc115d89cA17fd02Ed9357CEcA32842ACB4c2",
				"status": "current",
				"keccak256": "0xe9a73f8ee5731dad3d6edc8ba982fbde4f3b6185636701fdc0928ee0fec4ee49"
			},
			"ProxysUSD": {
				"address": "0xbecc58c6D7Ca71b6FCC4cC8c9c5294A0eA7A0397",
				"status": "current",
				"keccak256": "0x1e84bdcd34ca237a148738ea651c354fc7a63049db067eee4af5b74261ac052b"
			},
			"ProxyERC20sUSD": {
				"address": "0x8c6f28f2F1A3C87F0f938b96d27520d9751ec8d9",
				"status": "current",
				"keccak256": "0x067912d947f7e44dc3cc78c50cba795498728b2e8c213acc9a80f317df773762"
			},
			"SynthsUSD": {
				"address": "0xF2FF43DA7B6e5963059b7004df43b5c5870EEb18",
				"status": "replaced",
				"keccak256": "0x46ea3a53d11e9a3e1dcbb57dc0c282dcd37f3dea3d25fc83d2849d9da9055074",
				"replaced_in": "v2.50.4-ovm"
			},
			"EtherCollateral": {
				"address": "0xC8E91c926E04BE1cb94e51c5379d14774D51ae6C",
				"status": "current",
				"keccak256": "0x7a479ab85e4661d4f1eb57135d710b20bd2e4ab066a37a1c1b7b9eeb536da3f6"
			},
			"EtherCollateralsUSD": {
				"address": "0xC0c66470E766AE2026E6695966C56C90741811AA",
				"status": "current",
				"keccak256": "0x7a479ab85e4661d4f1eb57135d710b20bd2e4ab066a37a1c1b7b9eeb536da3f6"
			},
			"SynthetixBridgeToBase": {
				"address": "0x4D7186818daBFe88bD80421656BbD07Dffc979Cc",
				"status": "replaced",
				"keccak256": "0x2944b039b1a2ca003f444a14bb73121cc308bd3461e5382935c17d85d3d651e2",
				"replaced_in": "v2.44.0"
			},
			"CollateralManager": {
				"address": "0x70B21B422Dade467659522892A857F0Ee31cebb4",
				"status": "replaced",
				"keccak256": "0x3eedbdeab0075f47cc27608fae5b6476d80980b44b838e3381381ae0563a8ce4",
				"replaced_in": "v2.50.4-ovm"
			},
			"SynthUtil": {
				"address": "0x87b1481c82913301Fc6c884Ac266a7c430F92cFA",
				"status": "current",
				"keccak256": "0x44655c6a86c04622a686ca33ad3ecf3eb22997d891fd789b70dd2816c2406fa9"
			},
			"DappMaintenance": {
				"address": "0x54581A23F62D147AC76d454f0b3eF77F9D766058",
				"status": "current",
				"keccak256": "0x6af8351e5f36ac8b77fb2ed83792f985fabea076beaa38e2d5056c29c0682308"
			}
		}
	},
	"v2.37.0": {
		"tag": "v2.37.0",
		"fulltag": "v2.37.0",
		"release": "Gacrux",
		"network": "mainnet",
		"date": "2021-01-17T14:59:00+11:00",
		"commit": "a3d63fae8aad15ebef3adb52a4310320ba6d3d78",
		"contracts": {
			"SynthetixState": {
				"address": "0x9770239D49Db97E77fc5Adcb5413654C9e45A510",
				"status": "current",
				"keccak256": "0x6895d7d0e0afa9c993a12c37739c4d34cafb44bb860c17377651ea2404b81573"
			},
			"FeePool": {
				"address": "0xF950a48E9463a13b13D75F452200E711c1c426b6",
				"status": "replaced",
				"keccak256": "0x4238309eac3f3ead676bd4a3347ee1359a2ebade2660cc1de0de4076d46e32f1",
				"replaced_in": "v2.50.4-ovm"
			},
			"FeePoolState": {
				"address": "0x6e0d26cffc3a63d763F1546f749bf62ebC7d72D8",
				"status": "current",
				"keccak256": "0x7c479caa07a2d059cf7fd0c44c6179ccf36828e575289181ba98e502fcc958a8"
			}
		}
	},
	"v2.44.0": {
		"tag": "v2.44.0",
		"fulltag": "v2.44.0",
		"release": "Alnair",
		"network": "mainnet",
		"date": "2021-05-10T14:54:15-06:00",
		"commit": "1673ae561273ec84732781682e3e911697c34e71",
		"contracts": {
			"SystemStatus": {
				"address": "0xf83c5f65dBef4017CD19Ae99b15E1B8649AdbEb4",
				"status": "replaced",
				"keccak256": "0x4c0887571994cd1d3e9dc29a057d804766bcfb3df8b9a1eea2d4427327d60eaf",
				"replaced_in": "v2.64.1"
			},
			"Synthetix": {
				"address": "0x8e9D85099ffc4bE029F362728B84Bb8BBb5665c1",
				"status": "replaced",
				"keccak256": "0x38e3ad6a2a14b7fb55e48baf851a76056ed050ecfef08afea512805ac6aa9c12",
				"replaced_in": "v2.47.0-ovm"
			},
			"DebtCache": {
				"address": "0x8be60b5031C0686e48a079C81822173bFa1268DA",
				"status": "replaced",
				"keccak256": "0x96e697fce68db0f6138c37b5480a64013b3403ed60ef5c5322809c7d05b9f961",
				"replaced_in": "v2.50.4-ovm"
			},
			"Exchanger": {
				"address": "0xd48BEc0A784692dde6d2D481eD71911cdC12513A",
				"status": "replaced",
				"keccak256": "0x1fd8cfe938c39596ddc284e44d6b72eb0ab4dda2665ea511f06a7de795a3fd90",
				"replaced_in": "v2.47.0-ovm"
			},
			"SynthetixBridgeToBase": {
				"address": "0x3f87Ff1de58128eF8FCb4c807eFD776E1aC72E51",
				"status": "replaced",
				"keccak256": "0x3a759d05bff5ec21cc91014c60a2ef845001ef452ac792a1bd587afc99e7a43f",
				"replaced_in": "v2.64.1"
			}
		}
	},
	"v2.47.0-ovm": {
		"tag": "v2.47.0-ovm",
		"fulltag": "v2.47.0-ovm",
		"release": "Dubhe",
		"network": "mainnet",
		"date": "2021-07-28T14:50:58-03:00",
		"commit": "125d594e530738749ff152981aeadb383ec10837",
		"contracts": {
			"SystemSettings": {
				"address": "0x46D4504ed0f751309e3c6b1f544ad2E8458537Dc",
				"status": "replaced",
				"keccak256": "0x5545b03187c7eaaea84ead942f472c6d432ea26433f9ec5494df033963728f08",
				"replaced_in": "v2.50.4-ovm"
			},
			"Synthetix": {
				"address": "0xAe4CA85A36920b4130A8DB9303a31abA64e3d2A8",
				"status": "replaced",
				"keccak256": "0xbbe829a12e9f56d44cd3999d65d3330b0307c9ae7c0b1f71fb085f1e617f3992",
				"replaced_in": "v2.50.4-ovm"
			},
			"Exchanger": {
				"address": "0x395eC94bf3E3dCd3aFBd82cd03197731411E396B",
				"status": "replaced",
				"keccak256": "0x5417b67ee7cc81b822703473de85cc6f8ada065ca44073ada80c3d9aebf0a5b2",
				"replaced_in": "v2.50.4-ovm"
			},
			"EtherWrapper": {
				"address": "0xc3Ee42caBD773A608fa9Ec951982c94BD6F33d59",
				"status": "current",
				"keccak256": "0xe851cb18328170d833e186732d2c4578fd549427a0fbc7dc6b34fe3439f7385a"
			},
			"TokenStatesETH": {
				"address": "0xEc3665F7e696b0Ad0D04Ae5161b18782D48cd1fd",
				"status": "current",
				"keccak256": "0x10a63d041fa9899b429b12dddcf047b55c23fe62019c08abbba9fa1f603738d3"
			},
			"ProxysETH": {
				"address": "0xE405de8F52ba7559f9df3C368500B6E6ae6Cee49",
				"status": "current",
				"keccak256": "0xfb133acce922041ba6b061ee7a8ce32c7908b0cbb37f343dd9fd81d532999bd8"
			},
			"SynthsETH": {
				"address": "0xE118737eB5F931FCeB663fACd3234B4169aC638A",
				"status": "replaced",
				"keccak256": "0xa2ac97925838e6ab74bf8dc6e16e598d3f1d28380f9faac91ae92d47c622c68c",
				"replaced_in": "v2.50.4-ovm"
			},
			"TokenStatesBTC": {
				"address": "0xA9E630952522E3F110322711F424528Af894e307",
				"status": "current",
				"keccak256": "0x10a63d041fa9899b429b12dddcf047b55c23fe62019c08abbba9fa1f603738d3"
			},
			"ProxysBTC": {
				"address": "0x298B9B95708152ff6968aafd889c6586e9169f1D",
				"status": "current",
				"keccak256": "0xfb133acce922041ba6b061ee7a8ce32c7908b0cbb37f343dd9fd81d532999bd8"
			},
			"SynthsBTC": {
				"address": "0x6f1EE829627C8a544CB3e7AB296de386245C14a3",
				"status": "replaced",
				"keccak256": "0xa2ac97925838e6ab74bf8dc6e16e598d3f1d28380f9faac91ae92d47c622c68c",
				"replaced_in": "v2.50.4-ovm"
			},
			"TokenStatesLINK": {
				"address": "0x08a008eEA07d3cC7ca1913EEC3468C10F8F79e6A",
				"status": "current",
				"keccak256": "0x10a63d041fa9899b429b12dddcf047b55c23fe62019c08abbba9fa1f603738d3"
			},
			"ProxysLINK": {
				"address": "0xc5Db22719A06418028A40A9B5E9A7c02959D0d08",
				"status": "current",
				"keccak256": "0xfb133acce922041ba6b061ee7a8ce32c7908b0cbb37f343dd9fd81d532999bd8"
			},
			"SynthsLINK": {
				"address": "0x388dD240bFFA4047D85D1d6F3Dc814c054217a23",
				"status": "replaced",
				"keccak256": "0xa2ac97925838e6ab74bf8dc6e16e598d3f1d28380f9faac91ae92d47c622c68c",
				"replaced_in": "v2.50.4-ovm"
			}
		}
	},
	"v2.50.4-ovm": {
		"tag": "v2.50.4-ovm",
		"fulltag": "v2.50.4-ovm",
		"release": "Sargas",
		"network": "mainnet",
		"date": "2021-10-12T16:28:57-05:00",
		"commit": "b8506b186e8e7aa96e90c30edad488f8586f8dc2",
		"contracts": {
			"SystemSettings": {
				"address": "0x8f571a7bD9924e25a3d2aC0B7F721C5Ed675c3c8",
				"status": "replaced",
				"keccak256": "0x26f8b512816941ad538d6a27f77653c1e9caa91588ede93601b33754ee7768c7",
				"replaced_in": "v2.52.1-ovm"
			},
			"FeePool": {
				"address": "0xc53E9375A77bD98eb0068559bC56C8D6cEA254fA",
				"status": "replaced",
				"keccak256": "0x02209922d4eda9cb19b7088a035683f5835e344b9271bf6fb92b03e12d929c1e",
				"replaced_in": "v2.52.1-ovm"
			},
			"Synthetix": {
				"address": "0xff4287311138ad3BD051F84524B2eA3A682944a5",
				"status": "replaced",
				"keccak256": "0xbbe79669c2586e5f0a7f35a0577d21b881e0e083b9fc297fa16d6c1de064c749",
				"replaced_in": "v2.56.1"
			},
			"DebtCache": {
				"address": "0xe1f47188168837485527A5B44E7FA7ca55F29C65",
				"status": "replaced",
				"keccak256": "0xae968c154901fa69caaf12425ed4e635e09088e30acaf662601152febf985914",
				"replaced_in": "v2.51.0"
			},
			"Exchanger": {
				"address": "0xFe06fbe87E9f705B5D337D82dF8Fd812774974F9",
				"status": "replaced",
				"keccak256": "0x0817bbd7ae73f5989b342ff919647345a35d4c5675ad77562c1e9b48af804a2f",
				"replaced_in": "v2.58.0"
			},
			"Issuer": {
				"address": "0x86f36d4873F1D338d1AA768C70A7A3aE83be8511",
				"status": "replaced",
				"keccak256": "0x98a99071e639c7b1979cb1a2d238b8104fb936f1275741e973726834ee157c5b",
				"replaced_in": "v2.51.0"
			},
			"SynthsUSD": {
				"address": "0x7Eb21e5eF2D8bB3804380D02a5FE0487DcBfe184",
				"status": "replaced",
				"keccak256": "0x35dcf439abb5d7d4fe158f8f72fe2868789beaff403fc1a65bfbf07d1d6b927f",
				"replaced_in": "v2.52.1-ovm"
			},
			"CollateralManager": {
				"address": "0x15E7D4972a3E477878A5867A47617122BE2d1fF0",
				"status": "current",
				"keccak256": "0xd80a8e47521faec6385a266bcb29acdefe1402f9c0d4f57bb8b839982380b149"
			},
			"SynthsETH": {
				"address": "0x0ea0902950aa58b19Ed1876901B843cd2f85a8E9",
				"status": "replaced",
				"keccak256": "0x35dcf439abb5d7d4fe158f8f72fe2868789beaff403fc1a65bfbf07d1d6b927f",
				"replaced_in": "v2.52.1-ovm"
			},
			"SynthsBTC": {
				"address": "0x58B453f01966CEe805CE12F9B2138E7B0c46Ce99",
				"status": "replaced",
				"keccak256": "0x35dcf439abb5d7d4fe158f8f72fe2868789beaff403fc1a65bfbf07d1d6b927f",
				"replaced_in": "v2.52.1-ovm"
			},
			"SynthsLINK": {
				"address": "0xC806963F83D0B7ad3B96F59B0f7a77E5D2BBB57D",
				"status": "replaced",
				"keccak256": "0x35dcf439abb5d7d4fe158f8f72fe2868789beaff403fc1a65bfbf07d1d6b927f",
				"replaced_in": "v2.52.1-ovm"
			},
			"SynthRedeemer": {
				"address": "0xA997BD647AEe62Ef03b41e6fBFAdaB43d8E57535",
				"status": "current",
				"keccak256": "0x4d31499235bb64ab5975313a6c9208fad376de17a3d78f8f11e530b6d0f4af0b"
			},
			"CollateralUtil": {
				"address": "0xD21969A86Ce5c41aAb2D492a0F802AA3e015cd9A",
				"status": "current",
				"keccak256": "0xa4a8f1bfe0d3ba3c6248b9ef642ba1002247bcd61bb46bd76874379346d6e7f0"
			},
			"CollateralManagerState": {
				"address": "0xbA10526cD8742acC73AedeF5f7Dbb2477Bf86922",
				"status": "current",
				"keccak256": "0x543c31c6ce66e421d251f7f90b42c955a3e1adb19bc19bd1d0e11e375aa0c9c8"
			},
			"CollateralShort": {
				"address": "0xEbCe9728E2fDdC26C9f4B00df5180BdC5e184953",
				"status": "replaced",
				"keccak256": "0xf6898428342fd57d2e05289492e64a8f43df82f663522718b5b32afe831795d9",
				"replaced_in": "v2.71.2"
			}
		}
	},
	"v2.51.0": {
		"tag": "v2.51.0",
		"fulltag": "v2.51.0",
		"release": "“Kaus”",
		"network": "mainnet",
		"date": "2021-10-19T18:44:22-05:00",
		"commit": "ef4dd876f9b0af7172a08a106ef59d9b7f584969",
		"contracts": {
			"DebtCache": {
				"address": "0xBa32006fDCdc840f80cb9C8EC69C92f06e82E588",
				"status": "replaced",
				"keccak256": "0x94dba5769ba43b0dcf0f8c1ce13d8fff6b9461bb16f3513b56255c702fe8b1f4",
				"replaced_in": "v2.52.1-ovm"
			},
			"Issuer": {
				"address": "0x3Ae7F9091CB429464707b61398b5cfDCD2a25981",
				"status": "replaced",
				"keccak256": "0x694aa53c6e06991326d54e2a63c075ef5c500f4a43d977ce0f8560cacbcd125a",
				"replaced_in": "v2.52.1-ovm"
			}
		}
	},
	"v2.52.1-ovm": {
		"tag": "v2.52.1-ovm",
		"fulltag": "v2.52.1-ovm",
		"release": "Avior",
		"network": "mainnet",
		"date": "2021-10-28T16:23:48-07:00",
		"commit": "ec96eeb28ce0f2d068ec35ef6026bd8742a14576",
		"contracts": {
			"SystemSettings": {
				"address": "0x1a094457F83dA71bF223BFA49E7fa67839285905",
				"status": "replaced",
				"keccak256": "0x2f8ca0e45946b24f735e864c844414ebccde55fc38ace09c0d9656d7c2529394",
				"replaced_in": "v2.54.0"
			},
			"FeePool": {
				"address": "0xc08db5823a7c1DC8fe9894F51A05799F1262bAC0",
				"status": "replaced",
				"keccak256": "0x8a65c401cfedc5e54b3544097f5873fff54bed8a0facdd2db530c816e53a93e0",
				"replaced_in": "v2.55.0"
			},
			"DebtCache": {
				"address": "0x01f8C5e421172B67cc14B7f5F369cfb10de0acD4",
				"status": "replaced",
				"keccak256": "0xf5b63373a53d27a1bd8188c065046b0be2ad8b1ac43429cfcd2ca165ed941cd4",
				"replaced_in": "v2.64.1"
			},
			"Issuer": {
				"address": "0x3EF4265a40fb5581e65D69fC7a978904fA50a5Ee",
				"status": "replaced",
				"keccak256": "0x53fb9b38928193220b5534b2b6d2ff9b84d023aeb60faa090361bb75f4a0d140",
				"replaced_in": "v2.54.0"
			},
			"SynthsUSD": {
				"address": "0x78aAA3fb165deCAA729DFE3cf0E97Ab6FCF484da",
				"status": "replaced",
				"keccak256": "0x0f211090666a35da4c0468578b386aaeb032093b26c1c9317eea9216037d5243",
				"replaced_in": "v2.64.1"
			},
			"SynthsETH": {
				"address": "0xBD2657CF89F930F27eE1854EF4B389773DF43b29",
				"status": "replaced",
				"keccak256": "0x0f211090666a35da4c0468578b386aaeb032093b26c1c9317eea9216037d5243",
				"replaced_in": "v2.64.1"
			},
			"SynthsBTC": {
				"address": "0x8Ce809a955DB85b41e7A378D7659e348e0C6AdD2",
				"status": "replaced",
				"keccak256": "0x0f211090666a35da4c0468578b386aaeb032093b26c1c9317eea9216037d5243",
				"replaced_in": "v2.64.1"
			},
			"SynthsLINK": {
				"address": "0xF33e7B48538C9D0480a48f3b5eEf79026e2a28f6",
				"status": "replaced",
				"keccak256": "0x0f211090666a35da4c0468578b386aaeb032093b26c1c9317eea9216037d5243",
				"replaced_in": "v2.64.1"
			},
			"WrapperFactory": {
				"address": "0x620C8800Ec73aC705151EC8327913c2910cC46B1",
				"status": "replaced",
				"keccak256": "0x0a16f80beda8876e3b17af0e6841cac26e959ab3806b581aeea027c2bd9cf8d7",
				"replaced_in": "v2.55.0"
			}
		}
	},
	"v2.54.0": {
		"tag": "v2.54.0",
		"fulltag": "v2.54.0",
		"release": "Menkalinan",
		"network": "mainnet",
		"date": "2021-11-23T17:28:16-06:00",
		"commit": "dbd184ae46ed79f94fba5cc23560964b30ae00e3",
		"contracts": {
			"SystemSettings": {
				"address": "0x3fDccCf40eefe389a8Ba73Ff2AEDA10888ff8F3E",
				"status": "replaced",
				"keccak256": "0x5174a68c4015495adf1108cd375b0fe17870dad06237fef60ccfa728e8ad79b7",
				"replaced_in": "v2.58.0"
			},
			"Issuer": {
				"address": "0xA2412e0654CdD40F5677Aaad1a0c572e75dF246C",
				"status": "replaced",
				"keccak256": "0x54c8fdc1678d3567f6b2da2833660116e47afb838a91a68c6a625f83a449af8e",
				"replaced_in": "v2.60.0"
			},
			"OwnerRelayOnOptimism": {
				"address": "0x6d4a64C57612841c2C6745dB2a4E4db34F002D20",
				"status": "current",
				"keccak256": "0xcbf35931a8a63393fb545169c8cb2be9b1bdee327053ee54e0482f84caa52479"
			}
		}
	},
	"v2.55.0": {
		"tag": "v2.55.0",
		"fulltag": "v2.55.0",
		"release": "Atria",
		"network": "mainnet",
		"date": "2021-12-03T00:55:48-05:00",
		"commit": "36df74f7de3157ed962cca4a285e7e3c78134b7a",
		"contracts": {
			"FeePool": {
				"address": "0xbc12131c93Da011B2844FA76c373A8cf5b0db4B5",
				"status": "replaced",
				"keccak256": "0xb89f33e39e3b4c3f010dd3f4ee922c00778b73845226e3edd97715ead2888cd5",
				"replaced_in": "v2.57.1"
			},
			"WrapperFactory": {
				"address": "0x27be2EFAd45DeBd732C1EBf5C9F7b49D498D4a93",
				"status": "current",
				"keccak256": "0x582cac91f50cfefc154d67097081d0dd0d4877333df51c3cfe19485f80ef7e74"
			}
		}
	},
	"v2.56.1": {
		"tag": "v2.56.1",
		"fulltag": "v2.56.1",
		"release": "Alhena",
		"network": "mainnet",
		"date": "2021-12-15T18:16:59-05:00",
		"commit": "324105690195d2c0925ffbfffe5d0bba8e98fad7",
		"contracts": {
			"Synthetix": {
				"address": "0x20eBfbdD14c9D8093E9AC33e736Ac61bbaC90092",
				"status": "replaced",
				"keccak256": "0x87c92d55af4f4b01932ec25770439770836ed60b9652a3f4ab1ec6e0d82d302a",
				"replaced_in": "v2.60.0"
			},
			"CollateralEth": {
				"address": "0x308AD16ef90fe7caCb85B784A603CB6E71b1A41a",
				"status": "current",
				"keccak256": "0xd83c3667bcacd4d33cf0fc649cee03d85e7d3914abb7ce6c9898e6ee1d66da81"
			}
		}
	},
	"v2.57.1": {
		"tag": "v2.57.1",
		"fulltag": "v2.57.1",
		"release": "Peacock",
		"network": "mainnet",
		"date": "2022-01-19T13:57:54-08:00",
		"commit": "a13d8b6fc913901b542a7db01729930930495543",
		"contracts": {
			"FeePool": {
				"address": "0xFDf3Be612c65464AEB4859047350a6220F304F52",
				"status": "replaced",
				"keccak256": "0xdb500335962961757d10ccbded7e9de457824b4c2d428c8c9aa63f18a5ca3914",
				"replaced_in": "v2.60.0"
			}
		}
	},
	"v2.57.2": {
		"tag": "v2.57.2",
		"fulltag": "v2.57.2",
		"release": "Peacock",
		"network": "mainnet",
		"date": "2022-01-21T13:55:44-05:00",
		"commit": "e99509e2b0f0054a5513f2203b8b7660cae38947",
		"contracts": {
			"StakingRewardssUSDDAIUniswapV3": {
				"address": "0x7E11c004d20b502729918687E6E6777b28499085",
				"status": "current",
				"keccak256": "0x9841ea1c48ac32392a4bfd0ed581d0950963aa09e866407736fc8b2adb6a25dd"
			},
			"StakingRewardsSNXWETHUniswapV3": {
				"address": "0xfD49C7EE330fE060ca66feE33d49206eB96F146D",
				"status": "current",
				"keccak256": "0x9841ea1c48ac32392a4bfd0ed581d0950963aa09e866407736fc8b2adb6a25dd"
			}
		}
	},
	"v2.58.0": {
		"tag": "v2.58.0",
		"fulltag": "v2.58.0",
		"release": "Alsephina",
		"network": "mainnet",
		"date": "2022-02-03T10:43:13+11:00",
		"commit": "5c35281cf80605933b71f32a70a4f5a62a0a0336",
		"contracts": {
			"SystemSettings": {
				"address": "0x28224ef515d01709916F5ac4D8a72664A7b56e98",
				"status": "replaced",
				"keccak256": "0x305a91266ac645a86ebb79b7617bdc7307053f933d843cd1bfafe35cd420d008",
				"replaced_in": "v2.64.2"
			},
			"ExchangeRates": {
				"address": "0xB4437efD22B4CCe7E25B3c47A469BC719cBdB60c",
				"status": "replaced",
				"keccak256": "0x656224649b8bd6192ce71344613ce605a1c7210854a7ba481970fd9e8bd6a482",
				"replaced_in": "v2.64.1"
			},
			"Exchanger": {
				"address": "0x11Ac553488b2170A9ad751A5455d0C9A134C982f",
				"status": "replaced",
				"keccak256": "0x671c429c6d065512f998d82e5a3051ddc3f2f124126b21dc768b4d49a0e58aba",
				"replaced_in": "v2.59.0"
			},
			"SystemSettingsLib": {
				"address": "0x478D479BAc034f89FA28D8d2ab430eC973a3a0aC",
				"status": "replaced",
				"keccak256": "0x371f31315fadd13809d51123c75dcc31e199ae69b8df9c968cb46aca50831d1f",
				"replaced_in": "v2.68.2"
			}
		}
	},
	"v2.59.0": {
		"tag": "v2.59.0",
		"fulltag": "v2.59.0",
		"release": "Mirzam",
		"network": "mainnet",
		"date": "2022-02-07T15:02:06-05:00",
		"commit": "515481b3502b3b3cab6eb7cb525a01f45090eb98",
		"contracts": {
			"Exchanger": {
				"address": "0x5a439C235C8BB9F813C5b45Dc194A00EC23CB78E",
				"status": "replaced",
				"keccak256": "0xbe3add48a8a50d7457521e949e7e33e4681524f851f1cf0457ddabacbf5c45fe",
				"replaced_in": "v2.64.1"
			}
		}
	},
	"v2.60.0": {
		"tag": "v2.60.0",
		"fulltag": "v2.60.0",
		"release": "Alphard",
		"network": "mainnet",
		"date": "2022-02-09T00:09:40-08:00",
		"commit": "8a0ccef3651cebdbbdd6554456f7b43d953f6e55",
		"contracts": {
			"FeePool": {
				"address": "0xcFDcCFf3835Eb002eF0360F9514A66E6717fCC54",
				"status": "replaced",
				"keccak256": "0x14ebcfb8ccfe17097696f95a65a132c09061ede8c698d1fc2e35c2f0490b111e",
				"replaced_in": "v2.64.1"
			},
			"Synthetix": {
				"address": "0x8518f879a2B8138405E947A48326F55FF9D5f3aD",
				"status": "replaced",
				"keccak256": "0xc548ad9fa576f6b096e1f860a1682d74082ed8fe69586e5ede42f2145d1ea97a",
				"replaced_in": "v2.68.2"
			},
			"Issuer": {
				"address": "0xdf1F1f0059bA70C182471467d3017511B1a122E8",
				"status": "replaced",
				"keccak256": "0x9685abe545d427f94360201304dca44e60697b507b86e9f379a1c90b3b24a8b5",
				"replaced_in": "v2.64.1"
			},
			"SynthetixDebtShare": {
				"address": "0x45c55BF488D3Cb8640f12F63CbeDC027E8261E79",
				"status": "current",
				"keccak256": "0x403192bc309d6eee98ddbfaeed166b50c2665df94167c6970e785a65b71dd0e3"
			}
		}
	},
	"v2.61.0": {
		"tag": "v2.61.0",
		"fulltag": "v2.61.0",
		"release": "Polaris",
		"network": "mainnet",
		"date": "2022-02-14T17:06:11-05:00",
		"commit": "a87b887f101f42a28443494ffbed0524a822dc2a",
		"contracts": {
			"TokenStatesSOL": {
				"address": "0x6825Dd6B5b83FBbFF1049A44dc808A10fe9a6719",
				"status": "current",
				"keccak256": "0xd22abb3b26a3a908924ea980e019c9e61bb2e80be675db7ff683d4f64c1e66f2"
			},
			"ProxysSOL": {
				"address": "0x8b2F7Ae8cA8EE8428B6D76dE88326bB413db2766",
				"status": "current",
				"keccak256": "0x450f870a93352e0feae6dfb45be1371d9e0dcb42c57b8795f2392ccf7ec6b87a"
			},
			"SynthsSOL": {
				"address": "0x8ab13Ca3b6591554a086B7Ad2A012d25C3efD704",
				"status": "replaced",
				"keccak256": "0x2d4b290196733150f5b9834a29843e07cfbc79e0873af9a323c60c41f3e08272",
				"replaced_in": "v2.64.1"
			}
		}
	},
	"v2.63.0": {
		"tag": "v2.63.0",
		"fulltag": "v2.63.0",
		"release": "Algieba",
		"network": "mainnet",
		"date": "2022-02-23T20:17:29-05:00",
		"commit": "7bd3fcca059a258b1ab060ae0c1fb2118e9e8b17",
		"contracts": {
			"TokenStatesAVAX": {
				"address": "0x2114d1C571CB541f3416a65f8BccFf9BB9E55Dc5",
				"status": "current",
				"keccak256": "0xd22abb3b26a3a908924ea980e019c9e61bb2e80be675db7ff683d4f64c1e66f2"
			},
			"ProxysAVAX": {
				"address": "0xB2b42B231C68cbb0b4bF2FFEbf57782Fd97D3dA4",
				"status": "current",
				"keccak256": "0x450f870a93352e0feae6dfb45be1371d9e0dcb42c57b8795f2392ccf7ec6b87a"
			},
			"SynthsAVAX": {
				"address": "0x5C2B0fdB3C828f087FDdA19Cf7F6fF7c51022aFb",
				"status": "replaced",
				"keccak256": "0x2d4b290196733150f5b9834a29843e07cfbc79e0873af9a323c60c41f3e08272",
				"replaced_in": "v2.64.1"
			},
			"TokenStatesMATIC": {
				"address": "0x937C9E1d18bEB4F8E1BCB0Dd7a612ca6012517a3",
				"status": "current",
				"keccak256": "0xd22abb3b26a3a908924ea980e019c9e61bb2e80be675db7ff683d4f64c1e66f2"
			},
			"ProxysMATIC": {
				"address": "0x81DDfAc111913d3d5218DEA999216323B7CD6356",
				"status": "current",
				"keccak256": "0x450f870a93352e0feae6dfb45be1371d9e0dcb42c57b8795f2392ccf7ec6b87a"
			},
			"SynthsMATIC": {
				"address": "0x6E3FfC4161931793B7FD084E761C0D12126FD376",
				"status": "replaced",
				"keccak256": "0x2d4b290196733150f5b9834a29843e07cfbc79e0873af9a323c60c41f3e08272",
				"replaced_in": "v2.64.1"
			},
			"TokenStatesEUR": {
				"address": "0x7afF10fc89B162c7aBf77974d190E7959cb456f5",
				"status": "current",
				"keccak256": "0xd22abb3b26a3a908924ea980e019c9e61bb2e80be675db7ff683d4f64c1e66f2"
			},
			"ProxysEUR": {
				"address": "0xFBc4198702E81aE77c06D58f81b629BDf36f0a71",
				"status": "current",
				"keccak256": "0x450f870a93352e0feae6dfb45be1371d9e0dcb42c57b8795f2392ccf7ec6b87a"
			},
			"SynthsEUR": {
				"address": "0x824dA469B59eC0E6E6BB5D611888aBF440970414",
				"status": "replaced",
				"keccak256": "0x2d4b290196733150f5b9834a29843e07cfbc79e0873af9a323c60c41f3e08272",
				"replaced_in": "v2.64.1"
			}
		}
	},
	"v2.64.1": {
		"tag": "v2.64.1",
		"fulltag": "v2.64.1",
		"release": "Diphda",
		"network": "mainnet",
		"date": "2022-03-17T21:59:53-04:00",
		"commit": "c9f6ac8b9d90dfdbf9b03e8a690edfe7e97fe15a",
		"contracts": {
			"SystemStatus": {
				"address": "0xE8c41bE1A167314ABAF2423b72Bf8da826943FFD",
				"status": "current",
				"keccak256": "0xd4ba3b8b574c2795ec994981815bdb6518da848579d169e419a906f4909ab8e1"
			},
			"ExchangeRates": {
				"address": "0x1B9d6cD65dDC981410cb93Af91B097667E0Bc7eE",
				"status": "replaced",
				"keccak256": "0x784975ca860b590e5fb06cc20b64b046a152fe406c5cc0c8f6be1761714bceab",
				"replaced_in": "v2.68.2"
			},
			"FeePool": {
				"address": "0xD3739A5F06747e148E716Dcb7147B9BA15b70fcc",
				"status": "replaced",
				"keccak256": "0x8efb90365897b11502997b1dea8760062b6e607e9c183847380d76e620e749a3",
				"replaced_in": "v2.83.1"
			},
			"DebtCache": {
				"address": "0x17628A557d1Fc88D1c35989dcBAC3f3e275E2d2B",
				"status": "current",
				"keccak256": "0x1140dbb0909dd19e64d449d716798fc190c55238dce804eaf35d4f383ec1ae05"
			},
			"Exchanger": {
				"address": "0x059681217E9186E007864AA16893b65A0589718B",
				"status": "replaced",
				"keccak256": "0x3f0e732cb19bb1a58e3440b98d276717d7e151eabf3f2be02561d6a292e8b01f",
				"replaced_in": "v2.68.2"
			},
			"Issuer": {
				"address": "0xadaD43Be81E2206f6D1aF4299cA2a029e16af7AB",
				"status": "replaced",
				"keccak256": "0xe64ebe3723fe0498d6adf757499a022c5e3fb262b88beebf1ac15efbcee58973",
				"replaced_in": "v2.65.0"
			},
			"SynthsUSD": {
				"address": "0xD1599E478cC818AFa42A4839a6C665D9279C3E50",
				"status": "replaced",
				"keccak256": "0x55a9f9b2712418624d2d19336d7a2940d79491ddbbf3b61101c6090d73289feb",
				"replaced_in": "v2.72.1"
			},
			"SynthetixBridgeToBase": {
				"address": "0x8F7b21BF5f8490FAa63386f6f6434C6Ae8D8A120",
				"status": "replaced",
				"keccak256": "0x95049d80ff5fa0f09037f040896af39208c2d59eb72108351a54403ed855b30b",
				"replaced_in": "v2.68.2"
			},
			"SynthsETH": {
				"address": "0x0681883084b5De1564FE2706C87affD77F1677D5",
				"status": "replaced",
				"keccak256": "0x55a9f9b2712418624d2d19336d7a2940d79491ddbbf3b61101c6090d73289feb",
				"replaced_in": "v2.72.1"
			},
			"SynthsBTC": {
				"address": "0xC4Be4583bc0307C56CF301975b2B2B1E5f95fcB2",
				"status": "replaced",
				"keccak256": "0x55a9f9b2712418624d2d19336d7a2940d79491ddbbf3b61101c6090d73289feb",
				"replaced_in": "v2.72.1"
			},
			"SynthsLINK": {
				"address": "0x2302D7F7783e2712C48aA684451b9d706e74F299",
				"status": "replaced",
				"keccak256": "0x55a9f9b2712418624d2d19336d7a2940d79491ddbbf3b61101c6090d73289feb",
				"replaced_in": "v2.72.1"
			},
			"SynthsSOL": {
				"address": "0x91DBC6f587D043FEfbaAD050AB48696B30F13d89",
				"status": "replaced",
				"keccak256": "0x55a9f9b2712418624d2d19336d7a2940d79491ddbbf3b61101c6090d73289feb",
				"replaced_in": "v2.72.1"
			},
			"SynthsAVAX": {
				"address": "0x5D7569CD81dc7c8E7FA201e66266C9D0c8a3712D",
				"status": "replaced",
				"keccak256": "0x55a9f9b2712418624d2d19336d7a2940d79491ddbbf3b61101c6090d73289feb",
				"replaced_in": "v2.72.1"
			},
			"SynthsMATIC": {
				"address": "0xF5d0BFBc617d3969C1AcE93490A76cE80Db1Ed0e",
				"status": "replaced",
				"keccak256": "0x55a9f9b2712418624d2d19336d7a2940d79491ddbbf3b61101c6090d73289feb",
				"replaced_in": "v2.72.1"
			},
			"SynthsEUR": {
				"address": "0xB16ef128b11e457afA07B09FCE52A01f5B05a937",
				"status": "replaced",
				"keccak256": "0x55a9f9b2712418624d2d19336d7a2940d79491ddbbf3b61101c6090d73289feb",
				"replaced_in": "v2.72.1"
			},
			"SignedSafeDecimalMath": {
				"address": "0x253914cf059f4c3E277c28060C404acFc38FB6e2",
				"status": "current",
				"keccak256": "0x0ddaacba077350bf0186ddf53ac5128dfc1de2b4a7e845ab15be49e78f96b5c9"
			},
			"OneNetAggregatorIssuedSynths": {
				"address": "0xe152A2DbcE62E6c0bd387fFd1bb8086F44c5Fd04",
				"status": "current",
				"keccak256": "0x0ede3bc15d24f2a3af48de0cec7077cd6572345a3fd313e22319e676eeb57526"
			},
			"OneNetAggregatorDebtRatio": {
				"address": "0xA408d8e01C8E084B67559226C5B55D6F0B7074e2",
				"status": "current",
				"keccak256": "0xb64547811fca7c66e90856ac0f175ca0e3dcc2033ec15985fbb854ff275e796c"
			},
			"ExchangeCircuitBreaker": {
				"address": "0x7322e8F6cB6c6a7B4e6620C486777fcB9Ea052a4",
				"status": "current",
				"keccak256": "0x9a69567c37adbbe24df3515316cebbfb4899916d08af38c7738e4cd32c73827d"
			},
			"TokenStatesAAVE": {
				"address": "0xAf918f4a72BC34E59dFaF65866feC87947F1f590",
				"status": "current",
				"keccak256": "0xd22abb3b26a3a908924ea980e019c9e61bb2e80be675db7ff683d4f64c1e66f2"
			},
			"ProxysAAVE": {
				"address": "0x00B8D5a5e1Ac97Cb4341c4Bc4367443c8776e8d9",
				"status": "current",
				"keccak256": "0x450f870a93352e0feae6dfb45be1371d9e0dcb42c57b8795f2392ccf7ec6b87a"
			},
			"SynthsAAVE": {
				"address": "0x5eA2544551448cF6DcC1D853aDdd663D480fd8d3",
				"status": "replaced",
				"keccak256": "0x55a9f9b2712418624d2d19336d7a2940d79491ddbbf3b61101c6090d73289feb",
				"replaced_in": "v2.72.1"
			},
			"TokenStatesUNI": {
				"address": "0xf32b995Fe4dDf540C848236dB9638d137Aa9b6ff",
				"status": "current",
				"keccak256": "0xd22abb3b26a3a908924ea980e019c9e61bb2e80be675db7ff683d4f64c1e66f2"
			},
			"ProxysUNI": {
				"address": "0xf5a6115Aa582Fd1BEEa22BC93B7dC7a785F60d03",
				"status": "current",
				"keccak256": "0x450f870a93352e0feae6dfb45be1371d9e0dcb42c57b8795f2392ccf7ec6b87a"
			},
			"SynthsUNI": {
				"address": "0xC19d27d1dA572d582723C1745650E51AC4Fc877F",
				"status": "replaced",
				"keccak256": "0x55a9f9b2712418624d2d19336d7a2940d79491ddbbf3b61101c6090d73289feb",
				"replaced_in": "v2.72.1"
			},
			"FuturesMarketManager": {
				"address": "0xc704c9AA89d1ca60F67B3075d05fBb92b3B00B3B",
				"status": "replaced",
				"keccak256": "0xfda132bc4811a2112e611fbf50373a9ae1d4effd6a96b4503ace474ac795f2da",
				"replaced_in": "v2.80.3"
			},
			"FuturesMarketData": {
				"address": "0xC51aeDBEC3aCD26650a7E85B6909E8AEc4d0F19e",
				"status": "current",
				"keccak256": "0xaeead6f756774aeb78f20768f84eca5a2f6ab509469c1b117359aae4cf14ff2f"
			},
			"FuturesMarketSettings": {
				"address": "0xaE55F163337A2A46733AA66dA9F35299f9A46e9e",
				"status": "current",
				"keccak256": "0x4248126b3882f611087b476b0fdbbf44a1b4cce410039fc9c2a6e803f40548d3"
			},
			"FuturesMarketBTC": {
				"address": "0xEe8804d8Ad10b0C3aD1Bd57AC3737242aD24bB95",
				"status": "current",
				"keccak256": "0xab2585c72044f8a42b8cb46cc80ba7978bb81b9ad9539f44438c4f3306ddfb41"
			},
			"FuturesMarketETH": {
				"address": "0xf86048DFf23cF130107dfB4e6386f574231a5C65",
				"status": "current",
				"keccak256": "0xab2585c72044f8a42b8cb46cc80ba7978bb81b9ad9539f44438c4f3306ddfb41"
			},
			"FuturesMarketLINK": {
				"address": "0x1228c7D8BBc5bC53DB181bD7B1fcE765aa83bF8A",
				"status": "current",
				"keccak256": "0xab2585c72044f8a42b8cb46cc80ba7978bb81b9ad9539f44438c4f3306ddfb41"
			}
		}
	},
	"v2.64.2": {
		"tag": "v2.64.2",
		"fulltag": "v2.64.2",
		"release": "Diphda",
		"network": "mainnet",
		"date": "2022-03-23T14:03:52-04:00",
		"commit": "14c36a4b346c8cc26c65de0ba2778be6a79afc2f",
		"contracts": {
			"SystemSettings": {
				"address": "0xd056351FC32b5Ec443305198FB9093057f8e988C",
				"status": "replaced",
				"keccak256": "0x0213567bb35401126849b277a1b9cccca8bec368a82f2151c1b078209763a72f",
				"replaced_in": "v2.68.2"
			}
		}
	},
	"v2.65.0": {
		"tag": "v2.65.0",
		"fulltag": "v2.65.0",
		"release": "Mizar",
		"network": "mainnet",
		"date": "2022-03-28T18:11:02-04:00",
		"commit": "7ea5c5aae13c022fcf3cbf0543b65b29cb1118c1",
		"contracts": {
			"Issuer": {
				"address": "0x81875E4A7b256762381F5ADf95dCb4324450B01F",
				"status": "replaced",
				"keccak256": "0x00c5cf07e218bc3f61f97e3c7df177ea99ccc72ae09cb5bff195be9c48dea2b9",
				"replaced_in": "v2.68.2"
			}
		}
	},
	"v2.66.0": {
		"tag": "v2.66.0",
		"fulltag": "v2.66.0",
		"release": "Nunki",
		"network": "mainnet",
		"date": "2022-03-31T18:56:43-04:00",
		"commit": "a32bae6f43c4017843d5af6e1b2edacb841f95a7",
		"contracts": {
			"FuturesMarketSOL": {
				"address": "0xcF853f7f8F78B2B801095b66F8ba9c5f04dB1640",
				"status": "current",
				"keccak256": "0xab2585c72044f8a42b8cb46cc80ba7978bb81b9ad9539f44438c4f3306ddfb41"
			},
			"FuturesMarketAVAX": {
				"address": "0x4ff54624D5FB61C34c634c3314Ed3BfE4dBB665a",
				"status": "current",
				"keccak256": "0xab2585c72044f8a42b8cb46cc80ba7978bb81b9ad9539f44438c4f3306ddfb41"
			},
			"FuturesMarketAAVE": {
				"address": "0x001b7876F567f0b3A639332Ed1e363839c6d85e2",
				"status": "current",
				"keccak256": "0xab2585c72044f8a42b8cb46cc80ba7978bb81b9ad9539f44438c4f3306ddfb41"
			},
			"FuturesMarketUNI": {
				"address": "0x5Af0072617F7f2AEB0e314e2faD1DE0231Ba97cD",
				"status": "current",
				"keccak256": "0xab2585c72044f8a42b8cb46cc80ba7978bb81b9ad9539f44438c4f3306ddfb41"
			},
			"FuturesMarketMATIC": {
				"address": "0xbCB2D435045E16B059b2130b28BE70b5cA47bFE5",
				"status": "current",
				"keccak256": "0xab2585c72044f8a42b8cb46cc80ba7978bb81b9ad9539f44438c4f3306ddfb41"
			},
			"FuturesMarketXAU": {
				"address": "0x4434f56ddBdE28fab08C4AE71970a06B300F8881",
				"status": "current",
				"keccak256": "0xab2585c72044f8a42b8cb46cc80ba7978bb81b9ad9539f44438c4f3306ddfb41"
			},
			"FuturesMarketXAG": {
				"address": "0xb147C69BEe211F57290a6cde9d1BAbfD0DCF3Ea3",
				"status": "current",
				"keccak256": "0xab2585c72044f8a42b8cb46cc80ba7978bb81b9ad9539f44438c4f3306ddfb41"
			},
			"FuturesMarketEUR": {
				"address": "0xad44873632840144fFC97b2D1de716f6E2cF0366",
				"status": "current",
				"keccak256": "0xab2585c72044f8a42b8cb46cc80ba7978bb81b9ad9539f44438c4f3306ddfb41"
			}
		}
	},
	"v2.68.2": {
		"tag": "v2.68.2",
		"fulltag": "v2.68.2",
		"release": "Mirach",
		"network": "mainnet",
		"date": "2022-05-10T22:26:20-04:00",
		"commit": "083f0e56ce62fbe455d56c1383b3d78be6d4214b",
		"contracts": {
			"SystemSettings": {
				"address": "0x1c7A2E680849bC9C6ab8b437A28885C028739B82",
				"status": "replaced",
				"keccak256": "0xc9dca64837d645f46a699dddd0c527d302e278a1ccf253579dcfae64bbbaf7d3",
				"replaced_in": "v2.69.0"
			},
			"ExchangeRates": {
				"address": "0x22602469d704BfFb0936c7A7cfcD18f7aA269375",
				"status": "replaced",
				"keccak256": "0xe499b2236b3e8dea8e94cb5f4274f6fa77bc6e50afde8a0906eddb2a5818a792",
				"replaced_in": "v2.76.1"
			},
			"Synthetix": {
				"address": "0x2369D37ae9B30451D859C11CAbAc70df1CE48F78",
				"status": "replaced",
				"keccak256": "0xaf40c9f7f59638914e7d97d8a60aafabb5cb30822ee4aab3bf66577fc23c6297",
				"replaced_in": "v2.69.0"
			},
			"Exchanger": {
				"address": "0x0a1059c33ce5cd3345BBca557b8e44F4088FC359",
				"status": "replaced",
				"keccak256": "0x39ac009a91fa3b27aa343fe05c22811bb785c47e9f4398124aa5b185a31809db",
				"replaced_in": "v2.69.0"
			},
			"Issuer": {
				"address": "0xfBa85D793FF7fAa973c1bEd1C698cEE692a4c306",
				"status": "replaced",
				"keccak256": "0xfd4ffa7b4beb5faddfe9ecd13ec21d6d31fbf6f182dfc78c4df7ccce4f1f6b99",
				"replaced_in": "v2.69.0"
			},
			"SynthetixBridgeToBase": {
				"address": "0x136b1EC699c62b0606854056f02dC7Bb80482d63",
				"status": "current",
				"keccak256": "0x53e29e15ff09ded8625947da9d15ff07cd8310ec1abcc81975944a7e55bdf657"
			},
			"SystemSettingsLib": {
				"address": "0xd4DB55Cf39c37BEAa3A47F2555D57B4ea2d9Ff39",
				"status": "replaced",
				"keccak256": "0xc61227b8c9f852b438b6229b216219fa59b4d7705129c55bd3f0a5356a3b87ab",
				"replaced_in": "v2.69.0"
			},
			"TokenStatesINR": {
				"address": "0xfE33ae95A9f0DA8A845aF33516EDc240DCD711d6",
				"status": "current",
				"keccak256": "0xd22abb3b26a3a908924ea980e019c9e61bb2e80be675db7ff683d4f64c1e66f2"
			},
			"ProxysINR": {
				"address": "0xa3A538EA5D5838dC32dde15946ccD74bDd5652fF",
				"status": "current",
				"keccak256": "0x450f870a93352e0feae6dfb45be1371d9e0dcb42c57b8795f2392ccf7ec6b87a"
			},
			"SynthsINR": {
				"address": "0xc66499aCe3B6c6a30c784bE5511E8d338d543913",
				"status": "replaced",
				"keccak256": "0x5aa9b13db62a3e7e5f5009c03f464ad36a50f22d32de6c36028a192d7366830d",
				"replaced_in": "v2.72.1"
			},
			"FuturesMarketAPE": {
				"address": "0xFe00395ec846240dc693e92AB2Dd720F94765Aa3",
				"status": "current",
				"keccak256": "0xf0937d700773ebd08983a4835fced19b1c5718a9cf9733e8e2db40cb197a09da"
			},
			"FuturesMarketDYDX": {
				"address": "0x10305C1854d6DB8A1060dF60bDF8A8B2981249Cf",
				"status": "current",
				"keccak256": "0xf0937d700773ebd08983a4835fced19b1c5718a9cf9733e8e2db40cb197a09da"
			}
		}
	},
	"v2.69.0": {
		"tag": "v2.69.0",
		"fulltag": "v2.69.0",
		"release": "Alpheratz",
		"network": "mainnet",
		"date": "2022-05-14T03:50:54-04:00",
		"commit": "502809927d4c23fc139c4b129f7fee26eec91ba8",
		"contracts": {
			"SystemSettings": {
				"address": "0xdE48d4b3B8737446193720ce23ef24f922341155",
				"status": "replaced",
				"keccak256": "0xa15c48a5fcce352747f56841f0bd92a1c8ee2e0dcac77c8fb78ce2f2769e48cb",
				"replaced_in": "v2.74.1"
			},
			"Synthetix": {
				"address": "0xc66a263f2C7C1Af0bD70c6cA4Bff5936F3D6Ef9F",
				"status": "replaced",
				"keccak256": "0xc7181091631b9c6b8047460f85d0920a25c23a87ddd862eca7a114859b7b3611",
				"replaced_in": "v2.70.0"
			},
			"Exchanger": {
				"address": "0xcC02F000b0aA8a0eFC2B55C9cf2305Fb3531cca1",
				"status": "replaced",
				"keccak256": "0xed300c5b2d358e358214c29c49cfa96f47b243c78cce492117e09639caed0062",
				"replaced_in": "v2.76.1"
			},
			"Issuer": {
				"address": "0x939313420A85ab8F21B8c2fE15b60528f34E0d63",
				"status": "replaced",
				"keccak256": "0xff90190a275735ad9b23dffff9ab22477a1aa3f36a0cee1931965dfb26e52495",
				"replaced_in": "v2.71.0"
			},
			"SystemSettingsLib": {
				"address": "0xC818f3A73F0f4A9AfdC9835BE2682e627A04A4ff",
				"status": "replaced",
				"keccak256": "0x1265bea471bda199f9b45756be028eaf5dda97e0fb7864b95e7020627827784b",
				"replaced_in": "v2.74.1"
			},
			"Liquidator": {
				"address": "0x68a8b098967Ae077dcFf5cC8E29B7cb15f1A3cC8",
				"status": "replaced",
				"keccak256": "0xc6b74874b217e37376d292760ccdde188bec97c34f5d205633d458010bf7cc48",
				"replaced_in": "v2.77.2"
			},
			"LiquidatorRewards": {
				"address": "0xF4EebDD0704021eF2a6Bbe993fdf93030Cd784b4",
				"status": "current",
				"keccak256": "0x621221d61543cd3356f62b60c84c1a0ba0763ab6caada6705df5db116bcab9e0"
			}
		}
	},
	"v2.70.0": {
		"tag": "v2.70.0",
		"fulltag": "v2.70.0",
		"release": "Rasalhague",
		"network": "mainnet",
		"date": "2022-05-23T23:00:44-04:00",
		"commit": "48d93a047b167c24d7234615ac3947d6c541246b",
		"contracts": {
			"Synthetix": {
				"address": "0x274D1dbe298993EaD5AC1B25624F53786d16006e",
				"status": "replaced",
				"keccak256": "0xa3693319984f9dfdc43ef60dee3316c2ad593abfa3113b62ff79b72c2309d362",
				"replaced_in": "v2.72.1"
			}
		}
	},
	"v2.71.0": {
		"tag": "v2.71.0",
		"fulltag": "v2.71.0",
		"release": "Kochab",
		"network": "mainnet",
		"date": "2022-05-25T23:06:46-04:00",
		"commit": "931d76df50df9f1badf4167cb4afc271d22f63e6",
		"contracts": {
			"Issuer": {
				"address": "0x0333BD82e1F5FF89c19EC44Ab5302A0041b33139",
				"status": "replaced",
				"keccak256": "0x8f416a19c4b25638a136059b80ad498038b6a62326ab7e0cbb981694ed28dcda",
				"replaced_in": "v2.71.2"
			}
		}
	},
	"v2.71.2": {
		"tag": "v2.71.2",
		"fulltag": "v2.71.2",
		"release": "Kochab",
		"network": "mainnet",
		"date": "2022-06-02T20:35:21-04:00",
		"commit": "420e7a969038bf16acbcff5182babe590e8fcd9f",
		"contracts": {
			"Issuer": {
				"address": "0x84Ec90f9CD4D00Ad95002d88D35f99cd9F66E393",
				"status": "replaced",
				"keccak256": "0x308bed12a57fc1a4dea0c76ce2cb9060af89840d73e5ff1f8bbd7af35e56062b",
				"replaced_in": "v2.72.1"
			},
			"CollateralShort": {
				"address": "0xeb4b5ABcE7310855319440d936cd3aDd77DFA193",
				"status": "current",
				"keccak256": "0x245135b67168b129937d6e9526846712ff4ff9739077f2fabab67315a3cf3a45"
			}
		}
	},
	"v2.72.1": {
		"tag": "v2.72.1",
		"fulltag": "v2.72.1",
		"release": "Saiph",
		"network": "mainnet",
		"date": "2022-06-09T17:30:33-04:00",
		"commit": "0a105ae7a7ef95c2f7516d7854ffade71b6ad3b7",
		"contracts": {
			"Synthetix": {
				"address": "0xFE8E48Bf36ccC3254081eC8C65965D1c8b2E744D",
				"status": "replaced",
				"keccak256": "0xe5dd48f48970597d6808bffeeb3b787580800e99158506d0d726f1ecd86d4b57",
				"replaced_in": "v2.77.2"
			},
			"Issuer": {
				"address": "0xc5Ae1Eca0AFC915F88C0135cdaaf270d710f03FF",
				"status": "replaced",
				"keccak256": "0x34e363bf253f754b3a5cd444df9ce0aa3d4079419d362c6bbc281d1df8128923",
				"replaced_in": "v2.74.1"
			},
			"SynthsUSD": {
				"address": "0xDfA2d3a0d32F870D87f8A0d7AA6b9CdEB7bc5AdB",
				"status": "current",
				"keccak256": "0x548d16dab51321918778c500b04c32240f3d720f19d48533e0db9c2b9b722ebe"
			},
			"SynthsETH": {
				"address": "0xe9dceA0136FEFC76c4E639Ec60CCE70482E2aCF7",
				"status": "current",
				"keccak256": "0x548d16dab51321918778c500b04c32240f3d720f19d48533e0db9c2b9b722ebe"
			},
			"SynthsBTC": {
				"address": "0x421DEF861D623F7123dfE0878D86E9576cbb3975",
				"status": "current",
				"keccak256": "0x548d16dab51321918778c500b04c32240f3d720f19d48533e0db9c2b9b722ebe"
			},
			"SynthsLINK": {
				"address": "0x0F6877e0Bb54a0739C6173A814B39D5127804123",
				"status": "current",
				"keccak256": "0x548d16dab51321918778c500b04c32240f3d720f19d48533e0db9c2b9b722ebe"
			},
			"SynthsSOL": {
				"address": "0x04B50a5992Ea2281E14d43494d656698EA9C24dD",
				"status": "current",
				"keccak256": "0x548d16dab51321918778c500b04c32240f3d720f19d48533e0db9c2b9b722ebe"
			},
			"SynthsAVAX": {
				"address": "0x368A5126fF8e659004b6f9C9F723E15632e2B428",
				"status": "current",
				"keccak256": "0x548d16dab51321918778c500b04c32240f3d720f19d48533e0db9c2b9b722ebe"
			},
			"SynthsMATIC": {
				"address": "0xf49C194954b6B91855aC06D6C88Be316da60eD96",
				"status": "current",
				"keccak256": "0x548d16dab51321918778c500b04c32240f3d720f19d48533e0db9c2b9b722ebe"
			},
			"SynthsEUR": {
				"address": "0xdEdb0b04AFF1525bb4B6167F00e61601690c1fF2",
				"status": "current",
				"keccak256": "0x548d16dab51321918778c500b04c32240f3d720f19d48533e0db9c2b9b722ebe"
			},
			"SynthsAAVE": {
				"address": "0x34783A738DdC355cD7c737D4101b20622681332a",
				"status": "current",
				"keccak256": "0x548d16dab51321918778c500b04c32240f3d720f19d48533e0db9c2b9b722ebe"
			},
			"SynthsUNI": {
				"address": "0xcF2E165D2359E3C4dFF1E10eC40dBB5a745223A9",
				"status": "current",
				"keccak256": "0x548d16dab51321918778c500b04c32240f3d720f19d48533e0db9c2b9b722ebe"
			},
			"SynthsINR": {
				"address": "0x34c2360ffe5D21542f76e991FFD104f281D4B3fb",
				"status": "current",
				"keccak256": "0x548d16dab51321918778c500b04c32240f3d720f19d48533e0db9c2b9b722ebe"
			}
		}
	},
	"v2.74.1": {
		"tag": "v2.74.1",
		"fulltag": "v2.74.1",
		"release": "Algol",
		"network": "mainnet",
		"date": "2022-06-23T16:57:09-04:00",
		"commit": "3a4935c088a516b5efa0b19b118892058619534c",
		"contracts": {
			"SystemSettings": {
				"address": "0x05E1b1Dff853B1D67828Aa5E8CB37cC25aA050eE",
				"status": "replaced",
				"keccak256": "0xc78f371d395251ef1ee8c1305b485d38f084d31530560e802f5fc5147fe83451",
				"replaced_in": "v2.78.1"
			},
			"Issuer": {
				"address": "0x7EF2EDd3623312B9a82E25647e12F1c77D0Ea012",
				"status": "replaced",
				"keccak256": "0x9820f36cf8ee40e9cfb286cae173e716e009ebe5594e921afac85a40f103c71b",
				"replaced_in": "v2.76.1"
			},
			"SystemSettingsLib": {
				"address": "0xB17d51DF8e3A134E8304f682bE38e5204e4672e4",
				"status": "replaced",
				"keccak256": "0xc4e328478f9c625bb34c4f019040afd62b9dfb8f03882727e39888d3173f09a9",
				"replaced_in": "v2.78.1"
			}
		}
	},
	"v2.76.1": {
		"tag": "v2.76.1",
		"fulltag": "v2.76.1",
		"release": "Muhlifain",
		"network": "mainnet",
		"date": "2022-08-18T08:09:06-04:00",
		"commit": "1b935f1e41d850dbd424b490a396d30783e3f2cb",
		"contracts": {
			"ExchangeRates": {
				"address": "0x0cA3985f973f044978d2381AFEd9c4D85a762d11",
				"status": "replaced",
				"keccak256": "0x3898ac05c8e31b7a6ea707cd3f18e094d8fe6e3789dd9a564814a9e6591d1ff4",
				"replaced_in": "v2.78.1"
			},
			"Exchanger": {
				"address": "0xC37c47C55d894443493c1e2E615f4F9f4b8fDEa4",
				"status": "replaced",
				"keccak256": "0x3561c57db4da45a7926d94eade122a491e8dea6e213b463a2a6d50acd7e44c2f",
				"replaced_in": "v2.78.1"
			},
			"Issuer": {
				"address": "0x01da457Aa57abc0dBa3fc26d6C350899F04E8417",
				"status": "replaced",
				"keccak256": "0x22f9559ff51ab99f76eab53c2b1842334692d255b6b2f78ae76b4c689c659bb8",
				"replaced_in": "v2.77.2"
			},
			"CircuitBreaker": {
				"address": "0x803FD1d99C3a6cbcbABAB79C44e108dC2fb67102",
				"status": "current",
				"keccak256": "0x73c5c888b94317948d43dc70a2424ea4963649c19272588fc02135692b7cde30"
			},
			"FuturesMarketDebtRatio": {
				"address": "0xd325B17d5C9C3f2B6853A760afCF81945b0184d3",
				"status": "current",
				"keccak256": "0x1b75aa7fd5855e482f7a24fbc819cdc0a2f69011fcd6dc61c5a4c434ee9345a8"
			},
			"FuturesMarketBNB": {
				"address": "0x4Aa0dabd22BC0894975324Bec293443c8538bD08",
				"status": "current",
				"keccak256": "0x1b75aa7fd5855e482f7a24fbc819cdc0a2f69011fcd6dc61c5a4c434ee9345a8"
			},
			"FuturesMarketOP": {
				"address": "0x9F1C2f0071Bc3b31447AEda9fA3A68d651eB4632",
				"status": "current",
				"keccak256": "0x1b75aa7fd5855e482f7a24fbc819cdc0a2f69011fcd6dc61c5a4c434ee9345a8"
			},
			"FuturesMarketXMR": {
				"address": "0x3Ed04CEfF4c91872F19b1da35740C0Be9CA21558",
				"status": "current",
				"keccak256": "0x1b75aa7fd5855e482f7a24fbc819cdc0a2f69011fcd6dc61c5a4c434ee9345a8"
			},
			"FuturesMarketDOGE": {
				"address": "0x9f231dBE53D460f359B2B8CC47574493caA5B7Bf",
				"status": "current",
				"keccak256": "0x1b75aa7fd5855e482f7a24fbc819cdc0a2f69011fcd6dc61c5a4c434ee9345a8"
			}
		}
	},
	"v2.77.2": {
		"tag": "v2.77.2",
		"fulltag": "v2.77.2",
		"release": "Aspidiske",
		"network": "mainnet",
		"date": "2022-10-20T20:07:48-04:00",
		"commit": "254171674f22a000b3c6055e51fd9e3aa6b42cdf",
		"contracts": {
			"RewardEscrowV2": {
				"address": "0x6330D5F08f51057F36F46d6751eCDc0c65Ef7E9e",
				"status": "current",
				"keccak256": "0xd7a48d5a43d0f6dc6869dc198b5e8a475bae4a0f5bb8de12bacb3113c1a09ed8"
			},
			"Synthetix": {
				"address": "0xF149ABD352f4AB50ca3c161f4F5d0c85AeFA8A9d",
				"status": "replaced",
				"keccak256": "0xcedf9713485ff0f263313c684c02f47a28588a070bce67f32fec53975f86aae7",
				"replaced_in": "v2.79.1"
			},
			"Issuer": {
				"address": "0x12120AcBE7d6402104b68a2e86C071Fcdd1034Fe",
				"status": "replaced",
				"keccak256": "0x46ee08b601ed69f547ba282d3e6c5a30e5163cd3652d7aa77c45633a7905da6d",
				"replaced_in": "v2.78.1"
			},
			"Liquidator": {
				"address": "0x61C7BC9b335e083c30C8a81b93575c361cdE93E2",
				"status": "replaced",
				"keccak256": "0x0bfcbee94000798a285a5654456e71546e6ffffb6ccd7abc8de236a2e958d231",
				"replaced_in": "v2.79.1"
			},
			"RewardEscrowV2Storage": {
				"address": "0x0c2ED9B23BAF9C5f486e175D406728d3bE46d2A6",
				"status": "current",
				"keccak256": "0x65f2455507f58e94591f9ef492e5f06468afaeb2d9f07933648155b7b68257fb"
			}
		}
	},
	"v2.78.1": {
		"tag": "v2.78.1",
		"fulltag": "v2.78.1",
		"release": "Suhail",
		"network": "mainnet",
		"date": "2022-11-03T15:01:09-04:00",
		"commit": "42ab7048e96ea22f6d80a7f1b1b7b3ea6a1f4067",
		"contracts": {
			"SystemSettings": {
				"address": "0xE28b785ecc2Cb5FE949f5f31A5aEC3989f764838",
				"status": "current",
				"keccak256": "0x6af2cf3e8bef667404d764f991e906eaffedde5921397198a65282aef2e2056c"
			},
			"ExchangeRates": {
				"address": "0x913bd76F7E1572CC8278CeF2D6b06e2140ca9Ce2",
				"status": "current",
				"keccak256": "0xbb4e3145d78771f77a18817fd6f00a4ac4870152e20a3e98780a9bfaab2ef961"
			},
			"Exchanger": {
				"address": "0x24b4b6703a2eE7bA75a4Fc859B606F0bbaeef4EA",
				"status": "current",
				"keccak256": "0x3b924889c1ebb903cb0ba5cafb01a9bc44740a4a18e1554db88764e88df6042e"
			},
			"Issuer": {
				"address": "0x59B01789bF268C7C77451D02758621990bB50BBF",
				"status": "replaced",
				"keccak256": "0xfe5fc654ccd66b4bf3baca842a69216b468e96447c2529ba5eabdfb6793b8955",
				"replaced_in": "v2.83.1"
			},
			"SystemSettingsLib": {
				"address": "0x6fEd9c8de9886557AA7F4bF7784Cb579d38F833c",
				"status": "current",
				"keccak256": "0xc4e328478f9c625bb34c4f019040afd62b9dfb8f03882727e39888d3173f09a9"
			},
			"ExchangeSettlementLib": {
				"address": "0xFfa3635f5844eA0F2FcCB03cb936828F508F558b",
				"status": "current",
				"keccak256": "0x9b464e20dadef8a37ddf2ddcc41f4d22d5ba6aab434f244b2c687babcdc03d3e"
			},
			"DirectIntegrationManager": {
				"address": "0x186c50515e6Ee95cEC381d7f6Fe72C67085dBCb4",
				"status": "current",
				"keccak256": "0xa461f2178b2a89520febb03b493fbcccc1b7299fade9826090a391186ce0b36d"
			}
		}
	},
	"v2.79.1": {
		"tag": "v2.79.1",
		"fulltag": "v2.79.1",
		"release": "Alphecca",
		"network": "mainnet",
		"date": "2022-12-01T19:04:44-05:00",
		"commit": "ae980173c5b531ae709a17d886e855fdc4fa6338",
		"contracts": {
			"Synthetix": {
				"address": "0x49B35BE7D96888C02F342552aB218d859599aCeb",
				"status": "current",
				"keccak256": "0x9f4bfdb0f2116bf1dbd405ed4274b169a2b05143012307b0689e4b7d0fea5165"
			},
			"Liquidator": {
				"address": "0xB589Af3f2e3377A9a57da74bE1b6598926479505",
				"status": "current",
				"keccak256": "0x04ca15c8a874862ae8997031bbb2330db2fb7ecd489b46b86645f545151ae581"
			}
		}
	},
	"v2.80.3": {
		"tag": "v2.80.3",
		"fulltag": "v2.80.3",
		"release": "Mintaka",
		"network": "mainnet",
		"date": "2022-12-20T12:34:25-05:00",
		"commit": "0b6e9a34e6324c95921602c1b1fa65f47682a166",
		"contracts": {
			"FuturesMarketManager": {
				"address": "0xdb89f3fc45A707Dd49781495f77f8ae69bF5cA6e",
				"status": "current",
				"keccak256": "0xa3e61f9cc4cdadb555143e7b8e9a1c7819a7ade8706b8d4816dcd96abb90d0d1"
			},
			"PerpsV2MarketData": {
				"address": "0xF7D3D05cCeEEcC9d77864Da3DdE67Ce9a0215A9D",
				"status": "current",
				"keccak256": "0x6c261f68839a3e1b0e0628bb5dbd894d714103d797dd4589112d56b2b8854860"
			},
			"PerpsV2MarketSettings": {
				"address": "0xd442Dc2Ac1f3cA1C86C8329246e47Ca0C91D0471",
				"status": "replaced",
				"keccak256": "0x12785217e8268d5794cffb53b4d4848ed8a5d147faf0ccc758a0156e65d23a1e",
				"replaced_in": "v2.80.5"
			},
			"PerpsV2ExchangeRate": {
				"address": "0x4aD2d14Bed21062Ef7B85C378F69cDdf6ED7489C",
				"status": "current",
				"keccak256": "0xd999737a0ad9825757d9bd616af24e79fec7bd7d30fe70559f4aa8b1a0299716"
			},
			"PerpsV2ProxyETHPERP": {
				"address": "0x2B3bb4c683BFc5239B029131EEf3B1d214478d93",
				"status": "current",
				"keccak256": "0xe79b34032f845059ce5c877d5ea079502d4e34532226d10db26ae5f23f693109"
			},
			"PerpsV2MarketStateETHPERP": {
				"address": "0x038dC05D68ED32F23e6856c0D44b0696B325bfC8",
				"status": "current",
				"keccak256": "0xf680ad7a51bbf8491940c287780b2be785e6c2a795fa8a03de13118480e4cdc9"
			},
			"PerpsV2MarketETHPERP": {
				"address": "0x517D0676E80115c1Aab36332B1732567Ce6D7010",
				"status": "replaced",
				"keccak256": "0x349b17e5f4cf23221b59bec08abc7f722b73c3c6286163601a11c2a3b317aa9a",
				"replaced_in": "v2.80.5"
			},
			"PerpsV2MarketViewsETHPERP": {
				"address": "0xa1245E5B52555e40aa8A3Ffb95C5C426c7c7ef12",
				"status": "replaced",
				"keccak256": "0x9e7a47fd262d656ff4ec67f50fecc4984b0d2ab4fd39847a8a2787d57ea611e6",
				"replaced_in": "v2.80.5"
			},
			"PerpsV2DelayedOrderETHPERP": {
				"address": "0xfe4950F0D73014039BE3CE900d5dcD24Ded54cCB",
				"status": "replaced",
				"keccak256": "0x6b8e6b27af62266f12b5162b0a4a4d00ea77b05fb81bf58e622fca7d264a1ab8",
				"replaced_in": "v2.80.5"
			},
			"PerpsV2OffchainDelayedOrderETHPERP": {
				"address": "0x36841F7Ff6fBD318202A5101F8426eBb051d5e4d",
				"status": "replaced",
				"keccak256": "0xcea074c31e31f3f2c3a5d709bd871dc08918f3503f17ac8d1d6710d8557db41a",
				"replaced_in": "v2.80.5"
			}
		}
	},
	"v2.80.5": {
		"tag": "v2.80.5",
		"fulltag": "v2.80.5",
		"release": "Mintaka",
		"network": "mainnet",
		"date": "2023-01-30T21:50:57+00:00",
		"commit": "8f6e45a1a629a91fd4052c3054ace41924c178ba",
		"contracts": {
			"PerpsV2MarketSettings": {
				"address": "0x09793Aad1518B8d8CC72FDd356479E3CBa7B4Ad1",
				"status": "current",
				"keccak256": "0x2b0eae2142e1ed316f5cf4688bbaa14d02a3755460234cdecf050f86c80e1ef6"
			},
			"PerpsV2MarketETHPERP": {
				"address": "0x35CcAC0A67D2a1EF1FDa8898AEcf1415FE6cf94c",
				"status": "current",
				"keccak256": "0x9a4f8d3df9202f93f5406da0e3590cf16011548c236d561c3d6f052585a76f7f"
			},
			"PerpsV2MarketViewsETHPERP": {
				"address": "0x9363c080Ca0B16EAD12Fd33aac65c8D0214E9d6D",
				"status": "current",
				"keccak256": "0x24b9e9fe81b2e92e7449e5f766e6fbb0c2013110523531ff21de7d19ff6bed0c"
			},
			"PerpsV2DelayedOrderETHPERP": {
				"address": "0xe343542366A9f3Af56Acc6D68154Cfaf23efeba6",
				"status": "current",
				"keccak256": "0x50c7889a6be3697ac46b2d673ae566b696ddddc643f5b932f8b8639e9af770b2"
			},
			"PerpsV2OffchainDelayedOrderETHPERP": {
				"address": "0x0454E103a712b257819efBBB797EaE80918dd2FF",
				"status": "current",
				"keccak256": "0x0dacd347d9414b86b6481e4606ba9382946082293506f5511b37398036439fb4"
			}
		}
	},
	"v2.82.1": {
		"tag": "v2.82.1",
		"fulltag": "v2.82.1",
		"release": "Eltanin",
		"network": "mainnet",
		"date": "2023-02-07T22:49:30+00:00",
		"commit": "52fc91b92953e45aa181cd876d51727e1ce419f2",
		"contracts": {
			"PerpsV2ProxyBTCPERP": {
				"address": "0x59b007E9ea8F89b069c43F8f45834d30853e3699",
				"status": "current",
				"keccak256": "0xf2b764f8f435fc338d04c110dd021bb0bd438d20c3c5c2ab6671727de614fe1b"
			},
			"PerpsV2MarketStateBTCPERP": {
				"address": "0xFEAF9e0A57e626f72E1a5fff507D7A2d9A9F0EE9",
				"status": "current",
				"keccak256": "0xd055193b502acf2b9a648ef331eed4ee8972bb102f14604d6bfa9327bf419b31"
			},
			"PerpsV2MarketBTCPERP": {
				"address": "0x5F8203298Fa0B01386b0F879F0Aa3DDD0470C896",
				"status": "current",
				"keccak256": "0x9a4f8d3df9202f93f5406da0e3590cf16011548c236d561c3d6f052585a76f7f"
			},
			"PerpsV2MarketViewsBTCPERP": {
				"address": "0xb0A1d2c68Bf4D0980402DC220Ca6Ddeb8DbfbC56",
				"status": "current",
				"keccak256": "0x24b9e9fe81b2e92e7449e5f766e6fbb0c2013110523531ff21de7d19ff6bed0c"
			},
			"PerpsV2DelayedOrderBTCPERP": {
				"address": "0xD8c3F087000DC990Fc84a776aED78d31507F716B",
				"status": "current",
				"keccak256": "0x50c7889a6be3697ac46b2d673ae566b696ddddc643f5b932f8b8639e9af770b2"
			},
			"PerpsV2OffchainDelayedOrderBTCPERP": {
				"address": "0x194ffc3D2cE0552720F24FefDf57a6c534223174",
				"status": "current",
				"keccak256": "0x0dacd347d9414b86b6481e4606ba9382946082293506f5511b37398036439fb4"
			},
			"PerpsV2ProxyLINKPERP": {
				"address": "0x31A1659Ca00F617E86Dc765B6494Afe70a5A9c1A",
				"status": "current",
				"keccak256": "0xf2b764f8f435fc338d04c110dd021bb0bd438d20c3c5c2ab6671727de614fe1b"
			},
			"PerpsV2MarketStateLINKPERP": {
				"address": "0x49dC714eaD0cc585eBaC8A412098914a2CE7B7B2",
				"status": "current",
				"keccak256": "0xd055193b502acf2b9a648ef331eed4ee8972bb102f14604d6bfa9327bf419b31"
			},
			"PerpsV2MarketLINKPERP": {
				"address": "0xc98e2439711EDf1Ab1E8BD23133145c3E1287f94",
				"status": "current",
				"keccak256": "0x9a4f8d3df9202f93f5406da0e3590cf16011548c236d561c3d6f052585a76f7f"
			},
			"PerpsV2MarketViewsLINKPERP": {
				"address": "0xcD077EAb8efBcb94aa04F2055D7A9216F23697A6",
				"status": "current",
				"keccak256": "0x24b9e9fe81b2e92e7449e5f766e6fbb0c2013110523531ff21de7d19ff6bed0c"
			},
			"PerpsV2DelayedOrderLINKPERP": {
				"address": "0x45C93D2C1994a70fD2Af98DA6ba100953b96A768",
				"status": "current",
				"keccak256": "0x50c7889a6be3697ac46b2d673ae566b696ddddc643f5b932f8b8639e9af770b2"
			},
			"PerpsV2OffchainDelayedOrderLINKPERP": {
				"address": "0xf67fDa142f31686523D2b52CE25aD66895f23116",
				"status": "current",
				"keccak256": "0x0dacd347d9414b86b6481e4606ba9382946082293506f5511b37398036439fb4"
			},
			"PerpsV2ProxySOLPERP": {
				"address": "0x0EA09D97b4084d859328ec4bF8eBCF9ecCA26F1D",
				"status": "current",
				"keccak256": "0xf2b764f8f435fc338d04c110dd021bb0bd438d20c3c5c2ab6671727de614fe1b"
			},
			"PerpsV2MarketStateSOLPERP": {
				"address": "0x5da48D842542eF497ad68FAEd3480b3B1609Afe5",
				"status": "current",
				"keccak256": "0xd055193b502acf2b9a648ef331eed4ee8972bb102f14604d6bfa9327bf419b31"
			},
			"PerpsV2MarketSOLPERP": {
				"address": "0xe52757A0D7eB6c380b6F6Ae2A30a91b67FF16B9C",
				"status": "current",
				"keccak256": "0x9a4f8d3df9202f93f5406da0e3590cf16011548c236d561c3d6f052585a76f7f"
			},
			"PerpsV2MarketViewsSOLPERP": {
				"address": "0x6eE44d9e0f868833A5543bcABc3Bd1a7d843eDB8",
				"status": "current",
				"keccak256": "0x24b9e9fe81b2e92e7449e5f766e6fbb0c2013110523531ff21de7d19ff6bed0c"
			},
			"PerpsV2DelayedOrderSOLPERP": {
				"address": "0xAEb1Cc5FD71CfFD1462808eE13b1051196bF6224",
				"status": "current",
				"keccak256": "0x50c7889a6be3697ac46b2d673ae566b696ddddc643f5b932f8b8639e9af770b2"
			},
			"PerpsV2OffchainDelayedOrderSOLPERP": {
				"address": "0x139AF9de51Ca2594911502E7A5653D4693EFb4ED",
				"status": "current",
				"keccak256": "0x0dacd347d9414b86b6481e4606ba9382946082293506f5511b37398036439fb4"
			},
			"PerpsV2ProxyAVAXPERP": {
				"address": "0xc203A12F298CE73E44F7d45A4f59a43DBfFe204D",
				"status": "current",
				"keccak256": "0xf2b764f8f435fc338d04c110dd021bb0bd438d20c3c5c2ab6671727de614fe1b"
			},
			"PerpsV2MarketStateAVAXPERP": {
				"address": "0x3d368332c5E5c454f179f36e716b7cfA09906454",
				"status": "current",
				"keccak256": "0xd055193b502acf2b9a648ef331eed4ee8972bb102f14604d6bfa9327bf419b31"
			},
			"PerpsV2MarketAVAXPERP": {
				"address": "0x6345d77B30E60FFCdcEb2E303b432F0665dD5a9f",
				"status": "current",
				"keccak256": "0x9a4f8d3df9202f93f5406da0e3590cf16011548c236d561c3d6f052585a76f7f"
			},
			"PerpsV2MarketViewsAVAXPERP": {
				"address": "0x69d255473d0d15DC087cbf4962a65839aa28A2C5",
				"status": "current",
				"keccak256": "0x24b9e9fe81b2e92e7449e5f766e6fbb0c2013110523531ff21de7d19ff6bed0c"
			},
			"PerpsV2DelayedOrderAVAXPERP": {
				"address": "0x580f76aF1FC4BB29F0032EeC6e0F7460D26b5f56",
				"status": "current",
				"keccak256": "0x50c7889a6be3697ac46b2d673ae566b696ddddc643f5b932f8b8639e9af770b2"
			},
			"PerpsV2OffchainDelayedOrderAVAXPERP": {
				"address": "0xF7df260a4F46Eaf5A82589B9e9D3879e6FCee431",
				"status": "current",
				"keccak256": "0x0dacd347d9414b86b6481e4606ba9382946082293506f5511b37398036439fb4"
			},
			"PerpsV2ProxyAAVEPERP": {
				"address": "0x5374761526175B59f1E583246E20639909E189cE",
				"status": "current",
				"keccak256": "0xf2b764f8f435fc338d04c110dd021bb0bd438d20c3c5c2ab6671727de614fe1b"
			},
			"PerpsV2MarketStateAAVEPERP": {
				"address": "0x9821CC43096b3F35744423C9B029854064dfe9Ab",
				"status": "current",
				"keccak256": "0xd055193b502acf2b9a648ef331eed4ee8972bb102f14604d6bfa9327bf419b31"
			},
			"PerpsV2MarketAAVEPERP": {
				"address": "0x722E8e89dD4217FB27447053b2cB3AEC336A2F1f",
				"status": "current",
				"keccak256": "0x9a4f8d3df9202f93f5406da0e3590cf16011548c236d561c3d6f052585a76f7f"
			},
			"PerpsV2MarketViewsAAVEPERP": {
				"address": "0x8C14dB69b1778c7Bbb0683B2deA21F79b9B5f059",
				"status": "current",
				"keccak256": "0x24b9e9fe81b2e92e7449e5f766e6fbb0c2013110523531ff21de7d19ff6bed0c"
			},
			"PerpsV2DelayedOrderAAVEPERP": {
				"address": "0x95597eaC456983645d4aD0cC83C5356cc245Ea0D",
				"status": "current",
				"keccak256": "0x50c7889a6be3697ac46b2d673ae566b696ddddc643f5b932f8b8639e9af770b2"
			},
			"PerpsV2OffchainDelayedOrderAAVEPERP": {
				"address": "0x2BF61b08F3e8DA40799D90C3b1e60f1c4DDb7fDA",
				"status": "current",
				"keccak256": "0x0dacd347d9414b86b6481e4606ba9382946082293506f5511b37398036439fb4"
			},
			"PerpsV2ProxyUNIPERP": {
				"address": "0x4308427C463CAEAaB50FFf98a9deC569C31E4E87",
				"status": "current",
				"keccak256": "0xf2b764f8f435fc338d04c110dd021bb0bd438d20c3c5c2ab6671727de614fe1b"
			},
			"PerpsV2MarketStateUNIPERP": {
				"address": "0xcF4a5F99902887d6CF5A2271cC1f54b5c2321e29",
				"status": "current",
				"keccak256": "0xd055193b502acf2b9a648ef331eed4ee8972bb102f14604d6bfa9327bf419b31"
			},
			"PerpsV2MarketUNIPERP": {
				"address": "0x4AD314a760a6173326eF5C828f51EDE93b432A12",
				"status": "current",
				"keccak256": "0x9a4f8d3df9202f93f5406da0e3590cf16011548c236d561c3d6f052585a76f7f"
			},
			"PerpsV2MarketViewsUNIPERP": {
				"address": "0xda3a5e9502b23Eaedc8cC048998893013e09787d",
				"status": "current",
				"keccak256": "0x24b9e9fe81b2e92e7449e5f766e6fbb0c2013110523531ff21de7d19ff6bed0c"
			},
			"PerpsV2DelayedOrderUNIPERP": {
				"address": "0xcC0ceC53572d4e10a8fdABb468356287B170c6A9",
				"status": "current",
				"keccak256": "0x50c7889a6be3697ac46b2d673ae566b696ddddc643f5b932f8b8639e9af770b2"
			},
			"PerpsV2OffchainDelayedOrderUNIPERP": {
				"address": "0x85875A05bE4db7a21dB6C53CeD09b06a5aD83402",
				"status": "current",
				"keccak256": "0x0dacd347d9414b86b6481e4606ba9382946082293506f5511b37398036439fb4"
			},
			"PerpsV2ProxyMATICPERP": {
				"address": "0x074B8F19fc91d6B2eb51143E1f186Ca0DDB88042",
				"status": "current",
				"keccak256": "0xf2b764f8f435fc338d04c110dd021bb0bd438d20c3c5c2ab6671727de614fe1b"
			},
			"PerpsV2MarketStateMATICPERP": {
				"address": "0xfC99d08D8ff69e31095E7372620369Fa92c82960",
				"status": "current",
				"keccak256": "0xd055193b502acf2b9a648ef331eed4ee8972bb102f14604d6bfa9327bf419b31"
			},
			"PerpsV2MarketMATICPERP": {
				"address": "0x07A82aEe97F1011256A9Db69e2D4cec2EF2D84EC",
				"status": "current",
				"keccak256": "0x9a4f8d3df9202f93f5406da0e3590cf16011548c236d561c3d6f052585a76f7f"
			},
			"PerpsV2MarketViewsMATICPERP": {
				"address": "0xF23c5eC62eC4398302eFd84587eb8BA26f21B155",
				"status": "current",
				"keccak256": "0x24b9e9fe81b2e92e7449e5f766e6fbb0c2013110523531ff21de7d19ff6bed0c"
			},
			"PerpsV2DelayedOrderMATICPERP": {
				"address": "0xDF89210B03E319B08EC0cC73C4B50468306e1252",
				"status": "current",
				"keccak256": "0x50c7889a6be3697ac46b2d673ae566b696ddddc643f5b932f8b8639e9af770b2"
			},
			"PerpsV2OffchainDelayedOrderMATICPERP": {
				"address": "0x1651e832dcc1B9cF697810d822aee35A9f5fFD64",
				"status": "current",
				"keccak256": "0x0dacd347d9414b86b6481e4606ba9382946082293506f5511b37398036439fb4"
			},
			"PerpsV2ProxyAPEPERP": {
				"address": "0x5B6BeB79E959Aac2659bEE60fE0D0885468BF886",
				"status": "current",
				"keccak256": "0xf2b764f8f435fc338d04c110dd021bb0bd438d20c3c5c2ab6671727de614fe1b"
			},
			"PerpsV2MarketStateAPEPERP": {
				"address": "0xDaA88C67eBA3a95715d678557A4F42e26cd01F1A",
				"status": "current",
				"keccak256": "0xd055193b502acf2b9a648ef331eed4ee8972bb102f14604d6bfa9327bf419b31"
			},
			"PerpsV2MarketAPEPERP": {
				"address": "0x3f8dc633227DeC2E4a52cE8dB91c4858A8E3Ae78",
				"status": "current",
				"keccak256": "0x9a4f8d3df9202f93f5406da0e3590cf16011548c236d561c3d6f052585a76f7f"
			},
			"PerpsV2MarketViewsAPEPERP": {
				"address": "0x74DCCf74644485A6920d0CFE1A4D34B2F4216181",
				"status": "current",
				"keccak256": "0x24b9e9fe81b2e92e7449e5f766e6fbb0c2013110523531ff21de7d19ff6bed0c"
			},
			"PerpsV2DelayedOrderAPEPERP": {
				"address": "0x70aEA7B455510640217CBCB78C5f2d29DB5a4a01",
				"status": "current",
				"keccak256": "0x50c7889a6be3697ac46b2d673ae566b696ddddc643f5b932f8b8639e9af770b2"
			},
			"PerpsV2OffchainDelayedOrderAPEPERP": {
				"address": "0xE99dB61288A4e8968ee58C03cc142c6ddB500598",
				"status": "current",
				"keccak256": "0x0dacd347d9414b86b6481e4606ba9382946082293506f5511b37398036439fb4"
			},
			"PerpsV2ProxyDYDXPERP": {
				"address": "0x139F94E4f0e1101c1464a321CBA815c34d58B5D9",
				"status": "current",
				"keccak256": "0xf2b764f8f435fc338d04c110dd021bb0bd438d20c3c5c2ab6671727de614fe1b"
			},
			"PerpsV2MarketStateDYDXPERP": {
				"address": "0xA1c26b1ff002993dD1fd43c0f662C5d93cC5B66E",
				"status": "current",
				"keccak256": "0xd055193b502acf2b9a648ef331eed4ee8972bb102f14604d6bfa9327bf419b31"
			},
			"PerpsV2MarketDYDXPERP": {
				"address": "0x3eaf011A9B8393ceDD4F331eB5dD1739cf7DDd71",
				"status": "current",
				"keccak256": "0x9a4f8d3df9202f93f5406da0e3590cf16011548c236d561c3d6f052585a76f7f"
			},
			"PerpsV2MarketViewsDYDXPERP": {
				"address": "0x6Aa31707bD6aCf24063A806570160978E62752A0",
				"status": "current",
				"keccak256": "0x24b9e9fe81b2e92e7449e5f766e6fbb0c2013110523531ff21de7d19ff6bed0c"
			},
			"PerpsV2DelayedOrderDYDXPERP": {
				"address": "0x9B20476899C8Fb22d96af37D2017016A80647159",
				"status": "current",
				"keccak256": "0x50c7889a6be3697ac46b2d673ae566b696ddddc643f5b932f8b8639e9af770b2"
			},
			"PerpsV2OffchainDelayedOrderDYDXPERP": {
				"address": "0xF612F3098a277cb80Ad03f20cf7787aD1Dc48f4a",
				"status": "current",
				"keccak256": "0x0dacd347d9414b86b6481e4606ba9382946082293506f5511b37398036439fb4"
			},
			"PerpsV2ProxyBNBPERP": {
				"address": "0x0940B0A96C5e1ba33AEE331a9f950Bb2a6F2Fb25",
				"status": "current",
				"keccak256": "0xf2b764f8f435fc338d04c110dd021bb0bd438d20c3c5c2ab6671727de614fe1b"
			},
			"PerpsV2MarketStateBNBPERP": {
				"address": "0x7b75C4857E84C8421D422E06447A7Fb03c398eDd",
				"status": "current",
				"keccak256": "0xd055193b502acf2b9a648ef331eed4ee8972bb102f14604d6bfa9327bf419b31"
			},
			"PerpsV2MarketBNBPERP": {
				"address": "0x7ebCBBD835D17661b26b8AFAe75b5f94BfDC12cA",
				"status": "current",
				"keccak256": "0x9a4f8d3df9202f93f5406da0e3590cf16011548c236d561c3d6f052585a76f7f"
			},
			"PerpsV2MarketViewsBNBPERP": {
				"address": "0x857d91d6c63892B383CF10cd15285604FF9976b8",
				"status": "current",
				"keccak256": "0x24b9e9fe81b2e92e7449e5f766e6fbb0c2013110523531ff21de7d19ff6bed0c"
			},
			"PerpsV2DelayedOrderBNBPERP": {
				"address": "0xaf476d7817105437aed79a86E802b79D4B1c473F",
				"status": "current",
				"keccak256": "0x50c7889a6be3697ac46b2d673ae566b696ddddc643f5b932f8b8639e9af770b2"
			},
			"PerpsV2OffchainDelayedOrderBNBPERP": {
				"address": "0x8c2c26494eAe20A8a22f94ED5Fa4B104FAD6bcca",
				"status": "current",
				"keccak256": "0x0dacd347d9414b86b6481e4606ba9382946082293506f5511b37398036439fb4"
			},
			"PerpsV2ProxyOPPERP": {
				"address": "0x442b69937a0daf9D46439a71567fABE6Cb69FBaf",
				"status": "current",
				"keccak256": "0xf2b764f8f435fc338d04c110dd021bb0bd438d20c3c5c2ab6671727de614fe1b"
			},
			"PerpsV2MarketStateOPPERP": {
				"address": "0xa26c97A0c9788e937986ee6276f3762c20C06ef5",
				"status": "current",
				"keccak256": "0xd055193b502acf2b9a648ef331eed4ee8972bb102f14604d6bfa9327bf419b31"
			},
			"PerpsV2MarketOPPERP": {
				"address": "0x4F5f4617482b6399d63329c5070E6f37020dE286",
				"status": "current",
				"keccak256": "0x9a4f8d3df9202f93f5406da0e3590cf16011548c236d561c3d6f052585a76f7f"
			},
			"PerpsV2MarketViewsOPPERP": {
				"address": "0x423ddc17a01e3E44A0Bd125eC2F645b8B9Ad3259",
				"status": "current",
				"keccak256": "0x24b9e9fe81b2e92e7449e5f766e6fbb0c2013110523531ff21de7d19ff6bed0c"
			},
			"PerpsV2DelayedOrderOPPERP": {
				"address": "0x3c30CBd400f8e7c099ab27cF28DA843cD4433FFE",
				"status": "current",
				"keccak256": "0x50c7889a6be3697ac46b2d673ae566b696ddddc643f5b932f8b8639e9af770b2"
			},
			"PerpsV2OffchainDelayedOrderOPPERP": {
				"address": "0xd2471115Be883EA7A32907D78062C323a5E85593",
				"status": "current",
				"keccak256": "0x0dacd347d9414b86b6481e4606ba9382946082293506f5511b37398036439fb4"
			},
			"PerpsV2ProxyDOGEPERP": {
				"address": "0x98cCbC721cc05E28a125943D69039B39BE6A21e9",
				"status": "current",
				"keccak256": "0xf2b764f8f435fc338d04c110dd021bb0bd438d20c3c5c2ab6671727de614fe1b"
			},
			"PerpsV2MarketStateDOGEPERP": {
				"address": "0xd6fe35B896FaE8b22AA6E47bE2752CF87eB1FcaC",
				"status": "current",
				"keccak256": "0xd055193b502acf2b9a648ef331eed4ee8972bb102f14604d6bfa9327bf419b31"
			},
			"PerpsV2MarketDOGEPERP": {
				"address": "0x5E744132337608c075d4fce7F32F17bb8D9fF8ec",
				"status": "current",
				"keccak256": "0x9a4f8d3df9202f93f5406da0e3590cf16011548c236d561c3d6f052585a76f7f"
			},
			"PerpsV2MarketViewsDOGEPERP": {
				"address": "0xEa46a4dfa7D2767FF4BaE2B76F5C6BD80057c723",
				"status": "current",
				"keccak256": "0x24b9e9fe81b2e92e7449e5f766e6fbb0c2013110523531ff21de7d19ff6bed0c"
			},
			"PerpsV2DelayedOrderDOGEPERP": {
				"address": "0x62B6f3733AB95Ec88864F03f758DE4377d6C751d",
				"status": "current",
				"keccak256": "0x50c7889a6be3697ac46b2d673ae566b696ddddc643f5b932f8b8639e9af770b2"
			},
			"PerpsV2OffchainDelayedOrderDOGEPERP": {
				"address": "0xfde9d8F4d2fB18823363fdd0E1fF305c4696A19D",
				"status": "current",
				"keccak256": "0x0dacd347d9414b86b6481e4606ba9382946082293506f5511b37398036439fb4"
			},
			"PerpsV2ProxyXAUPERP": {
				"address": "0x549dbDFfbd47bD5639f9348eBE82E63e2f9F777A",
				"status": "current",
				"keccak256": "0xf2b764f8f435fc338d04c110dd021bb0bd438d20c3c5c2ab6671727de614fe1b"
			},
			"PerpsV2MarketStateXAUPERP": {
				"address": "0x58e7da4Ee20f1De44F59D3Dd2640D5D844e443cF",
				"status": "current",
				"keccak256": "0xd055193b502acf2b9a648ef331eed4ee8972bb102f14604d6bfa9327bf419b31"
			},
			"PerpsV2MarketXAUPERP": {
				"address": "0x22AF5e22F07715fa2e267D2B49062949F71474B6",
				"status": "current",
				"keccak256": "0x9a4f8d3df9202f93f5406da0e3590cf16011548c236d561c3d6f052585a76f7f"
			},
			"PerpsV2MarketViewsXAUPERP": {
				"address": "0xE05637e338b11640C51766304878B08181463413",
				"status": "current",
				"keccak256": "0x24b9e9fe81b2e92e7449e5f766e6fbb0c2013110523531ff21de7d19ff6bed0c"
			},
			"PerpsV2DelayedOrderXAUPERP": {
				"address": "0x5AE6b5DD28F44689e4D17F47aeF1f863C36Df556",
				"status": "current",
				"keccak256": "0x50c7889a6be3697ac46b2d673ae566b696ddddc643f5b932f8b8639e9af770b2"
			},
			"PerpsV2OffchainDelayedOrderXAUPERP": {
				"address": "0xf8B9Dd242BDAF6242cb783F02b49D1Dd9126DE5c",
				"status": "current",
				"keccak256": "0x0dacd347d9414b86b6481e4606ba9382946082293506f5511b37398036439fb4"
			},
			"PerpsV2ProxyXAGPERP": {
				"address": "0xdcB8438c979fA030581314e5A5Df42bbFEd744a0",
				"status": "current",
				"keccak256": "0xf2b764f8f435fc338d04c110dd021bb0bd438d20c3c5c2ab6671727de614fe1b"
			},
			"PerpsV2MarketStateXAGPERP": {
				"address": "0x90276BA2Ac35D2BE30588b5019CF257f80b89E71",
				"status": "current",
				"keccak256": "0xd055193b502acf2b9a648ef331eed4ee8972bb102f14604d6bfa9327bf419b31"
			},
			"PerpsV2MarketXAGPERP": {
				"address": "0xcf24D8db427325011D5CD473fEf1A8B056FeF8a9",
				"status": "current",
				"keccak256": "0x9a4f8d3df9202f93f5406da0e3590cf16011548c236d561c3d6f052585a76f7f"
			},
			"PerpsV2MarketViewsXAGPERP": {
				"address": "0x9AB1f9B25b312f162e815a027b4805516401093e",
				"status": "current",
				"keccak256": "0x24b9e9fe81b2e92e7449e5f766e6fbb0c2013110523531ff21de7d19ff6bed0c"
			},
			"PerpsV2DelayedOrderXAGPERP": {
				"address": "0x31A53d5238391d1449b443eDB5476b5D8dF23239",
				"status": "current",
				"keccak256": "0x50c7889a6be3697ac46b2d673ae566b696ddddc643f5b932f8b8639e9af770b2"
			},
			"PerpsV2OffchainDelayedOrderXAGPERP": {
				"address": "0x909c690556D8389AEa348377EB27dECFb1b27d29",
				"status": "current",
				"keccak256": "0x0dacd347d9414b86b6481e4606ba9382946082293506f5511b37398036439fb4"
			},
			"PerpsV2ProxyEURPERP": {
				"address": "0x87AE62c5720DAB812BDacba66cc24839440048d1",
				"status": "current",
				"keccak256": "0xf2b764f8f435fc338d04c110dd021bb0bd438d20c3c5c2ab6671727de614fe1b"
			},
			"PerpsV2MarketStateEURPERP": {
				"address": "0x0E48C8662e98f576e84d0ccDb146538269653225",
				"status": "current",
				"keccak256": "0xd055193b502acf2b9a648ef331eed4ee8972bb102f14604d6bfa9327bf419b31"
			},
			"PerpsV2MarketEURPERP": {
				"address": "0xE052f0E650C3a11057037e285b6CbC8a8a144A9D",
				"status": "current",
				"keccak256": "0x9a4f8d3df9202f93f5406da0e3590cf16011548c236d561c3d6f052585a76f7f"
			},
			"PerpsV2MarketViewsEURPERP": {
				"address": "0x156E18B355b36Ff3b9Cb36bcaaF3155d95D3319A",
				"status": "current",
				"keccak256": "0x24b9e9fe81b2e92e7449e5f766e6fbb0c2013110523531ff21de7d19ff6bed0c"
			},
			"PerpsV2DelayedOrderEURPERP": {
				"address": "0x3459276E8f644F111539804e08253799b176Ab83",
				"status": "current",
				"keccak256": "0x50c7889a6be3697ac46b2d673ae566b696ddddc643f5b932f8b8639e9af770b2"
			},
			"PerpsV2OffchainDelayedOrderEURPERP": {
				"address": "0xB0A058c7781F6EcA709d4b469FCc522a6fA38E60",
				"status": "current",
				"keccak256": "0x0dacd347d9414b86b6481e4606ba9382946082293506f5511b37398036439fb4"
			},
			"PerpsV2ProxyATOMPERP": {
				"address": "0xbB16C7B3244DFA1a6BF83Fcce3EE4560837763CD",
				"status": "current",
				"keccak256": "0xf2b764f8f435fc338d04c110dd021bb0bd438d20c3c5c2ab6671727de614fe1b"
			},
			"PerpsV2MarketStateATOMPERP": {
				"address": "0x91a480Bf2518C037E644fE70F207E66fdAA4d948",
				"status": "current",
				"keccak256": "0xd055193b502acf2b9a648ef331eed4ee8972bb102f14604d6bfa9327bf419b31"
			},
			"PerpsV2MarketATOMPERP": {
				"address": "0xD12Fc7a381bFFbc05c709472097a0a4E9cd8D410",
				"status": "current",
				"keccak256": "0x9a4f8d3df9202f93f5406da0e3590cf16011548c236d561c3d6f052585a76f7f"
			},
			"PerpsV2MarketViewsATOMPERP": {
				"address": "0x407e5a7548869cE520354d8EcA127754625CC9c8",
				"status": "current",
				"keccak256": "0x24b9e9fe81b2e92e7449e5f766e6fbb0c2013110523531ff21de7d19ff6bed0c"
			},
			"PerpsV2DelayedOrderATOMPERP": {
				"address": "0xC0204F82ce1e25d15D2cE8DC1deA3f319BB64a8F",
				"status": "current",
				"keccak256": "0x50c7889a6be3697ac46b2d673ae566b696ddddc643f5b932f8b8639e9af770b2"
			},
			"PerpsV2OffchainDelayedOrderATOMPERP": {
				"address": "0x14688DFAa8b4085DA485579f72F3DE467485411a",
				"status": "current",
				"keccak256": "0x0dacd347d9414b86b6481e4606ba9382946082293506f5511b37398036439fb4"
			},
			"PerpsV2ProxyAXSPERP": {
				"address": "0x3a52b21816168dfe35bE99b7C5fc209f17a0aDb1",
				"status": "current",
				"keccak256": "0xf2b764f8f435fc338d04c110dd021bb0bd438d20c3c5c2ab6671727de614fe1b"
			},
			"PerpsV2MarketStateAXSPERP": {
				"address": "0x78fC32b982F5f35325996655a8Bd92715CfEfD06",
				"status": "current",
				"keccak256": "0xd055193b502acf2b9a648ef331eed4ee8972bb102f14604d6bfa9327bf419b31"
			},
			"PerpsV2MarketAXSPERP": {
				"address": "0x84810bF5dCB0e4651Ba2848E08965a2869ab80e6",
				"status": "current",
				"keccak256": "0x9a4f8d3df9202f93f5406da0e3590cf16011548c236d561c3d6f052585a76f7f"
			},
			"PerpsV2MarketViewsAXSPERP": {
				"address": "0x637340ce915a6E2EEe7C02521aC334c30c219d0D",
				"status": "current",
				"keccak256": "0x24b9e9fe81b2e92e7449e5f766e6fbb0c2013110523531ff21de7d19ff6bed0c"
			},
			"PerpsV2DelayedOrderAXSPERP": {
				"address": "0xfce521766201013974Dbf3B71E68b0CF8FBcd05B",
				"status": "current",
				"keccak256": "0x50c7889a6be3697ac46b2d673ae566b696ddddc643f5b932f8b8639e9af770b2"
			},
			"PerpsV2OffchainDelayedOrderAXSPERP": {
				"address": "0x43406c99fc8a7776F2870800e38FF5c8Cc96a2fE",
				"status": "current",
				"keccak256": "0x0dacd347d9414b86b6481e4606ba9382946082293506f5511b37398036439fb4"
			},
			"PerpsV2ProxyFLOWPERP": {
				"address": "0x27665271210aCff4Fab08AD9Bb657E91866471F0",
				"status": "current",
				"keccak256": "0xf2b764f8f435fc338d04c110dd021bb0bd438d20c3c5c2ab6671727de614fe1b"
			},
			"PerpsV2MarketStateFLOWPERP": {
				"address": "0x49700Eb35841E9CD637B3352A26B7d685aDaFD94",
				"status": "current",
				"keccak256": "0xd055193b502acf2b9a648ef331eed4ee8972bb102f14604d6bfa9327bf419b31"
			},
			"PerpsV2MarketFLOWPERP": {
				"address": "0x7b513667c34130FE2F63812A40c71Ec104356e87",
				"status": "current",
				"keccak256": "0x9a4f8d3df9202f93f5406da0e3590cf16011548c236d561c3d6f052585a76f7f"
			},
			"PerpsV2MarketViewsFLOWPERP": {
				"address": "0x0965EFeb0579c9bf8D15A77A4F14eC623421d902",
				"status": "current",
				"keccak256": "0x24b9e9fe81b2e92e7449e5f766e6fbb0c2013110523531ff21de7d19ff6bed0c"
			},
			"PerpsV2DelayedOrderFLOWPERP": {
				"address": "0xB9202087852298E5e2ebC0c30758fA4E07faf6fB",
				"status": "current",
				"keccak256": "0x50c7889a6be3697ac46b2d673ae566b696ddddc643f5b932f8b8639e9af770b2"
			},
			"PerpsV2OffchainDelayedOrderFLOWPERP": {
				"address": "0xF40482B4DA5509d6a9fb3Bed08E2356D72c31028",
				"status": "current",
				"keccak256": "0x0dacd347d9414b86b6481e4606ba9382946082293506f5511b37398036439fb4"
			},
			"PerpsV2ProxyFTMPERP": {
				"address": "0xC18f85A6DD3Bcd0516a1CA08d3B1f0A4E191A2C4",
				"status": "current",
				"keccak256": "0xf2b764f8f435fc338d04c110dd021bb0bd438d20c3c5c2ab6671727de614fe1b"
			},
			"PerpsV2MarketStateFTMPERP": {
				"address": "0xe76DF4d2554C74B746c5A1Df8EAA4eA8F657916d",
				"status": "current",
				"keccak256": "0xd055193b502acf2b9a648ef331eed4ee8972bb102f14604d6bfa9327bf419b31"
			},
			"PerpsV2MarketFTMPERP": {
				"address": "0x16D1cEE82608b12C4116626DCc1E69685561bf4c",
				"status": "current",
				"keccak256": "0x9a4f8d3df9202f93f5406da0e3590cf16011548c236d561c3d6f052585a76f7f"
			},
			"PerpsV2MarketViewsFTMPERP": {
				"address": "0x0868d8421B6C4f13B392eA4B72f8012884c45b74",
				"status": "current",
				"keccak256": "0x24b9e9fe81b2e92e7449e5f766e6fbb0c2013110523531ff21de7d19ff6bed0c"
			},
			"PerpsV2DelayedOrderFTMPERP": {
				"address": "0x7F87AEc4938770e52AF9A0B5239521BD9C53F28E",
				"status": "current",
				"keccak256": "0x50c7889a6be3697ac46b2d673ae566b696ddddc643f5b932f8b8639e9af770b2"
			},
			"PerpsV2OffchainDelayedOrderFTMPERP": {
				"address": "0x08941749026fF010c22E8B9d93a76EEBFC61C13b",
				"status": "current",
				"keccak256": "0x0dacd347d9414b86b6481e4606ba9382946082293506f5511b37398036439fb4"
			},
			"PerpsV2ProxyNEARPERP": {
				"address": "0xC8fCd6fB4D15dD7C455373297dEF375a08942eCe",
				"status": "current",
				"keccak256": "0xf2b764f8f435fc338d04c110dd021bb0bd438d20c3c5c2ab6671727de614fe1b"
			},
			"PerpsV2MarketStateNEARPERP": {
				"address": "0xea53A19B50C51881C0734a7169Fe9C6E44A09cf9",
				"status": "current",
				"keccak256": "0xd055193b502acf2b9a648ef331eed4ee8972bb102f14604d6bfa9327bf419b31"
			},
			"PerpsV2MarketNEARPERP": {
				"address": "0xfD66B08E8190ba4997337a18451bdfe744D92155",
				"status": "current",
				"keccak256": "0x9a4f8d3df9202f93f5406da0e3590cf16011548c236d561c3d6f052585a76f7f"
			},
			"PerpsV2MarketViewsNEARPERP": {
				"address": "0x1EaEd534ee8D25DA73a4E21cDE96e4Fca9C46187",
				"status": "current",
				"keccak256": "0x24b9e9fe81b2e92e7449e5f766e6fbb0c2013110523531ff21de7d19ff6bed0c"
			},
			"PerpsV2DelayedOrderNEARPERP": {
				"address": "0xF6CB6699367F8f61A8bF504CBe914C639D051E19",
				"status": "current",
				"keccak256": "0x50c7889a6be3697ac46b2d673ae566b696ddddc643f5b932f8b8639e9af770b2"
			},
			"PerpsV2OffchainDelayedOrderNEARPERP": {
				"address": "0xBF3B13F155070a61156f261b26D0Eb06f629C2e6",
				"status": "current",
				"keccak256": "0x0dacd347d9414b86b6481e4606ba9382946082293506f5511b37398036439fb4"
			},
			"PerpsV2ProxyAUDPERP": {
				"address": "0x9De146b5663b82F44E5052dEDe2aA3Fd4CBcDC99",
				"status": "current",
				"keccak256": "0xf2b764f8f435fc338d04c110dd021bb0bd438d20c3c5c2ab6671727de614fe1b"
			},
			"PerpsV2MarketStateAUDPERP": {
				"address": "0x973dE36Bb8022942e2658D5d129CbDdCF105a470",
				"status": "current",
				"keccak256": "0xd055193b502acf2b9a648ef331eed4ee8972bb102f14604d6bfa9327bf419b31"
			},
			"PerpsV2MarketAUDPERP": {
				"address": "0xF6B1867B51d30d6f34fF9aD603dEdfb32bF6322D",
				"status": "current",
				"keccak256": "0x9a4f8d3df9202f93f5406da0e3590cf16011548c236d561c3d6f052585a76f7f"
			},
			"PerpsV2MarketViewsAUDPERP": {
				"address": "0x002089829127A5769db0D53372d5d53a4D1a87A2",
				"status": "current",
				"keccak256": "0x24b9e9fe81b2e92e7449e5f766e6fbb0c2013110523531ff21de7d19ff6bed0c"
			},
			"PerpsV2DelayedOrderAUDPERP": {
				"address": "0x6B9cbCdaE03C4cDfD9fb9D987C74856Ac332fDCf",
				"status": "current",
				"keccak256": "0x50c7889a6be3697ac46b2d673ae566b696ddddc643f5b932f8b8639e9af770b2"
			},
			"PerpsV2OffchainDelayedOrderAUDPERP": {
				"address": "0x2A656E9618185782A638c86C64b5702854DDB11A",
				"status": "current",
				"keccak256": "0x0dacd347d9414b86b6481e4606ba9382946082293506f5511b37398036439fb4"
			},
			"PerpsV2ProxyGBPPERP": {
				"address": "0x1dAd8808D8aC58a0df912aDC4b215ca3B93D6C49",
				"status": "current",
				"keccak256": "0xf2b764f8f435fc338d04c110dd021bb0bd438d20c3c5c2ab6671727de614fe1b"
			},
			"PerpsV2MarketStateGBPPERP": {
				"address": "0x4E1F44E48D2E87E279d25EEd88ced1Ec7f51438e",
				"status": "current",
				"keccak256": "0xd055193b502acf2b9a648ef331eed4ee8972bb102f14604d6bfa9327bf419b31"
			},
			"PerpsV2MarketGBPPERP": {
				"address": "0x73230988dBfaeC3CD3A34927cE57052838A21bc8",
				"status": "current",
				"keccak256": "0x9a4f8d3df9202f93f5406da0e3590cf16011548c236d561c3d6f052585a76f7f"
			},
			"PerpsV2MarketViewsGBPPERP": {
				"address": "0x1FB664858da319b68Fc5f6d47dD6cA0D994055a2",
				"status": "current",
				"keccak256": "0x24b9e9fe81b2e92e7449e5f766e6fbb0c2013110523531ff21de7d19ff6bed0c"
			},
			"PerpsV2DelayedOrderGBPPERP": {
				"address": "0xf3DCf19D397F5A696A106b4287379Fb53fE33005",
				"status": "current",
				"keccak256": "0x50c7889a6be3697ac46b2d673ae566b696ddddc643f5b932f8b8639e9af770b2"
			},
			"PerpsV2OffchainDelayedOrderGBPPERP": {
				"address": "0x0BB25623946960D8FB1696a9D70466766F2C8aa7",
				"status": "current",
				"keccak256": "0x0dacd347d9414b86b6481e4606ba9382946082293506f5511b37398036439fb4"
			}
		}
	},
	"v2.83.1": {
		"tag": "v2.83.1",
		"fulltag": "v2.83.1",
		"release": "Schedar",
		"network": "mainnet",
		"date": "2023-02-15T10:29:02-05:00",
		"commit": "f4ff16d588d4d416552d7e1d4e402dfddee89278",
		"contracts": {
			"FeePool": {
				"address": "0xf9FE3607e6d19D8dC690DD976061a91D4A0db30B",
				"status": "current",
				"keccak256": "0x98eccd224f7660cfe5f5f6be8e53186b21166b5d2b3c40e7afa136afc0110d13"
			},
			"Issuer": {
				"address": "0x52c4612DBb84282332300A5cdAbA7acD7661a94B",
				"status": "current",
				"keccak256": "0xddabc4d8c9a7676784dc0e0c7cf12a203c0a5e3814cc21a3854edce5e8e5a456"
			}
		}
	}
}
